id,type,solver,label,status,submitted_on,solved_on
cabb5e09-e308-4c16-b584-2da2b0b287cc,ising,Advantage_system4.1,BIKAINTEK_EMBEDDING_ER_RQ1_2_4_99_3,COMPLETED,2025-07-14T14:08:07.171058Z,2025-07-14T14:08:07.673338Z
a9b5d260-b531-4116-ba1f-6e7bf1e7eac0,ising,Advantage_system4.1,BIKAINTEK_EMBEDDING_ER_RQ1_2_4_98_3,COMPLETED,2025-07-14T14:08:05.778073Z,2025-07-14T14:08:06.290200Z
e8607c0b-d611-48da-bc65-806c43d800fb,ising,Advantage_system4.1,BIKAINTEK_EMBEDDING_ER_RQ1_2_4_97_3,COMPLETED,2025-07-14T14:08:04.511481Z,2025-07-14T14:08:05.006463Z
fed3f8b2-5967-4782-8832-cd111e00b3dd,ising,Advantage_system4.1,BIKAINTEK_EMBEDDING_ER_RQ1_2_4_96_3,COMPLETED,2025-07-14T14:08:03.008642Z,2025-07-14T14:08:03.568888Z
08d22c6c-b200-454a-81a1-ef40dd88a4cd,ising,Advantage_system4.1,BIKAINTEK_EMBEDDING_ER_RQ1_2_4_95_3,COMPLETED,2025-07-14T14:08:01.554878Z,2025-07-14T14:08:02.097088Z
aa7affc5-6ebc-4b98-ab03-52ad46d40365,ising,Advantage_system4.1,BIKAINTEK_EMBEDDING_ER_RQ1_2_4_94_3,COMPLETED,2025-07-14T14:08:00.209041Z,2025-07-14T14:08:00.747645Z
3683151f-7345-45b2-bdab-35f21d3861f3,ising,Advantage_system4.1,BIKAINTEK_EMBEDDING_ER_RQ1_2_4_93_3,COMPLETED,2025-07-14T14:07:58.925872Z,2025-07-14T14:07:59.418011Z
8811f162-ce05-4376-81dc-a06b84ecf618,ising,Advantage_system4.1,BIKAINTEK_EMBEDDING_ER_RQ1_2_4_92_3,COMPLETED,2025-07-14T14:07:57.508786Z,2025-07-14T14:07:58.007419Z
f73554cb-3f57-4812-afcf-0cb7d3a5632e,ising,Advantage_system4.1,BIKAINTEK_EMBEDDING_ER_RQ1_2_4_91_3,COMPLETED,2025-07-14T14:07:56.257875Z,2025-07-14T14:07:56.729081Z
b8ba0579-32cc-46a6-b611-9b960dbac79e,ising,Advantage_system4.1,BIKAINTEK_EMBEDDING_ER_RQ1_2_4_90_3,COMPLETED,2025-07-14T14:07:54.997553Z,2025-07-14T14:07:55.487673Z
09e9f986-a140-48e1-a07d-b4f25dd868ce,ising,Advantage_system4.1,BIKAINTEK_EMBEDDING_ER_RQ1_2_4_89_3,COMPLETED,2025-07-14T14:07:53.569947Z,2025-07-14T14:07:54.105486Z
21a8504d-91f4-4e83-bda4-9444c9c12cb2,ising,Advantage_system4.1,BIKAINTEK_EMBEDDING_ER_RQ1_2_4_88_3,COMPLETED,2025-07-14T14:07:52.220394Z,2025-07-14T14:07:52.792982Z
c577e725-b98c-4a2b-a3f3-888ef8bfedce,ising,Advantage_system4.1,BIKAINTEK_EMBEDDING_ER_RQ1_2_4_87_3,COMPLETED,2025-07-14T14:07:50.927591Z,2025-07-14T14:07:51.440044Z
42ff377a-a898-44df-8494-66f664a78d16,ising,Advantage_system4.1,BIKAINTEK_EMBEDDING_ER_RQ1_2_4_86_3,COMPLETED,2025-07-14T14:07:49.550934Z,2025-07-14T14:07:50.036540Z
779b31e5-9656-4bf7-992f-02f2a6831b27,ising,Advantage_system4.1,BIKAINTEK_EMBEDDING_ER_RQ1_2_4_85_3,COMPLETED,2025-07-14T14:07:48.190232Z,2025-07-14T14:07:48.767081Z
9968b8f8-a6a0-4963-a081-aa84e7e6c501,ising,Advantage_system4.1,BIKAINTEK_EMBEDDING_ER_RQ1_2_4_84_3,COMPLETED,2025-07-14T14:07:46.919533Z,2025-07-14T14:07:47.397653Z
4299afb9-8373-4f38-9fa7-21fbe00c45bc,ising,Advantage_system4.1,BIKAINTEK_EMBEDDING_ER_RQ1_2_4_83_3,COMPLETED,2025-07-14T14:07:45.481129Z,2025-07-14T14:07:46.023203Z
cb54a20f-ebd5-4314-bbba-02ad65f63957,ising,Advantage_system4.1,BIKAINTEK_EMBEDDING_ER_RQ1_2_4_82_3,COMPLETED,2025-07-14T14:07:44.221633Z,2025-07-14T14:07:44.706394Z
aa863f6c-8bd5-47bd-85fa-5ee3b6316bcb,ising,Advantage_system4.1,BIKAINTEK_EMBEDDING_ER_RQ1_2_4_81_3,COMPLETED,2025-07-14T14:07:42.705618Z,2025-07-14T14:07:43.214049Z
8cb36fc3-2cbf-478f-899b-67cb5c466204,ising,Advantage_system4.1,BIKAINTEK_EMBEDDING_ER_RQ1_2_4_80_3,COMPLETED,2025-07-14T14:07:41.212281Z,2025-07-14T14:07:41.768320Z
7601e3fc-37b9-4f9d-8052-4d6474c94a09,ising,Advantage_system4.1,BIKAINTEK_EMBEDDING_ER_RQ1_2_4_79_3,COMPLETED,2025-07-14T14:07:39.888511Z,2025-07-14T14:07:40.425352Z
e5a431fa-36d3-4838-84ac-16d6c0708a99,ising,Advantage_system4.1,BIKAINTEK_EMBEDDING_ER_RQ1_2_4_78_3,COMPLETED,2025-07-14T14:07:38.468936Z,2025-07-14T14:07:39.100651Z
ad4c0f5d-e926-4f83-b5ba-0d379d65278c,ising,Advantage_system4.1,BIKAINTEK_EMBEDDING_ER_RQ1_2_4_77_3,COMPLETED,2025-07-14T14:07:37.049020Z,2025-07-14T14:07:37.561552Z
701b72d3-cbcc-4543-b9a5-3a0ce68b9df4,ising,Advantage_system4.1,BIKAINTEK_EMBEDDING_ER_RQ1_2_4_76_3,COMPLETED,2025-07-14T14:07:35.568106Z,2025-07-14T14:07:36.069801Z
c9cb9cb9-b6b8-47cc-b468-360f8861798f,ising,Advantage_system4.1,BIKAINTEK_EMBEDDING_ER_RQ1_2_4_75_3,COMPLETED,2025-07-14T14:07:34.244794Z,2025-07-14T14:07:34.793408Z
e6b2e754-f7b8-453d-83cd-85a4caa76013,ising,Advantage_system4.1,BIKAINTEK_EMBEDDING_ER_RQ1_2_4_74_3,COMPLETED,2025-07-14T14:07:32.803490Z,2025-07-14T14:07:33.343288Z
fa979d1b-f4de-4964-89a9-e712f477a7d0,ising,Advantage_system4.1,BIKAINTEK_EMBEDDING_ER_RQ1_2_4_73_3,COMPLETED,2025-07-14T14:07:31.450527Z,2025-07-14T14:07:32.010193Z
508e56c8-6e98-4c60-8ecd-edc068036a43,ising,Advantage_system4.1,BIKAINTEK_EMBEDDING_ER_RQ1_2_4_72_3,COMPLETED,2025-07-14T14:07:30.132683Z,2025-07-14T14:07:30.667924Z
404b4e4e-2b1c-4294-ba3f-c3f53a1e0563,ising,Advantage_system4.1,BIKAINTEK_EMBEDDING_ER_RQ1_2_4_71_3,COMPLETED,2025-07-14T14:07:28.463122Z,2025-07-14T14:07:29.056391Z
300c82a3-c50c-43fe-9642-be67c8d344f9,ising,Advantage_system4.1,BIKAINTEK_EMBEDDING_ER_RQ1_2_4_70_3,COMPLETED,2025-07-14T14:07:27.110531Z,2025-07-14T14:07:27.661424Z
0e6cb6e4-b60d-4ddf-9c4c-fa3174a2204b,ising,Advantage_system4.1,BIKAINTEK_EMBEDDING_ER_RQ1_2_4_69_3,COMPLETED,2025-07-14T14:07:25.647789Z,2025-07-14T14:07:26.212862Z
6292db9a-d82c-4f76-b3eb-3efede02447b,ising,Advantage_system4.1,BIKAINTEK_EMBEDDING_ER_RQ1_2_4_68_3,COMPLETED,2025-07-14T14:07:24.311750Z,2025-07-14T14:07:24.847088Z
526d0d05-ca26-49b0-839c-5be45136faa6,ising,Advantage_system4.1,BIKAINTEK_EMBEDDING_ER_RQ1_2_4_67_3,COMPLETED,2025-07-14T14:07:22.951906Z,2025-07-14T14:07:23.518950Z
70535a41-4be1-4eb3-9027-2107bf232dc8,ising,Advantage_system4.1,BIKAINTEK_EMBEDDING_ER_RQ1_2_4_66_3,COMPLETED,2025-07-14T14:07:21.638365Z,2025-07-14T14:07:22.150892Z
e66c30f8-7637-435f-937b-c7eb1336a344,ising,Advantage_system4.1,BIKAINTEK_EMBEDDING_ER_RQ1_2_4_65_3,COMPLETED,2025-07-14T14:07:20.142086Z,2025-07-14T14:07:20.691043Z
3e48a5d0-3ea5-45f5-abbb-d7221f5d5f18,ising,Advantage_system4.1,BIKAINTEK_EMBEDDING_ER_RQ1_2_4_64_3,COMPLETED,2025-07-14T14:07:18.764556Z,2025-07-14T14:07:19.267514Z
0f021096-d50e-4252-b6a0-d947dd746672,ising,Advantage_system4.1,BIKAINTEK_EMBEDDING_ER_RQ1_2_4_63_3,COMPLETED,2025-07-14T14:07:17.279256Z,2025-07-14T14:07:17.811862Z
a573dca9-aad3-47fb-ab32-9c4e9e5d5d67,ising,Advantage_system4.1,BIKAINTEK_EMBEDDING_ER_RQ1_2_4_62_3,COMPLETED,2025-07-14T14:07:15.880737Z,2025-07-14T14:07:16.438601Z
25120028-86cf-4d92-b4f6-c8b0afe49b35,ising,Advantage_system4.1,BIKAINTEK_EMBEDDING_ER_RQ1_2_4_61_3,COMPLETED,2025-07-14T14:07:14.373304Z,2025-07-14T14:07:14.918545Z
c07db1d2-71b8-436b-a212-203032749fad,ising,Advantage_system4.1,BIKAINTEK_EMBEDDING_ER_RQ1_2_4_60_3,COMPLETED,2025-07-14T14:07:13.107792Z,2025-07-14T14:07:13.596653Z
3982a208-ea92-43ce-aa8a-510c109b5524,ising,Advantage_system4.1,BIKAINTEK_EMBEDDING_ER_RQ1_2_4_59_3,COMPLETED,2025-07-14T14:07:11.660610Z,2025-07-14T14:07:12.173624Z
f1eb042f-1521-4ea0-9070-b384431c65fe,ising,Advantage_system4.1,BIKAINTEK_EMBEDDING_ER_RQ1_2_4_58_3,COMPLETED,2025-07-14T14:07:10.342778Z,2025-07-14T14:07:10.862896Z
32461064-cef5-4861-8c7d-aa02def7c358,ising,Advantage_system4.1,BIKAINTEK_EMBEDDING_ER_RQ1_2_4_57_3,COMPLETED,2025-07-14T14:07:08.868131Z,2025-07-14T14:07:09.384635Z
2c3e85d6-4918-4456-bf84-9ec69350f903,ising,Advantage_system4.1,BIKAINTEK_EMBEDDING_ER_RQ1_2_4_56_3,COMPLETED,2025-07-14T14:07:07.503113Z,2025-07-14T14:07:08.059816Z
332ae234-aaf6-4fd3-8146-3e1740a7c615,ising,Advantage_system4.1,BIKAINTEK_EMBEDDING_ER_RQ1_2_4_55_3,COMPLETED,2025-07-14T14:07:06.163784Z,2025-07-14T14:07:06.664455Z
346ca042-c042-4e53-a826-fd2847c1ba3a,ising,Advantage_system4.1,BIKAINTEK_EMBEDDING_ER_RQ1_2_4_54_3,COMPLETED,2025-07-14T14:07:04.721502Z,2025-07-14T14:07:05.204974Z
f42b00d7-522a-407d-8063-ca28a9194b6b,ising,Advantage_system4.1,BIKAINTEK_EMBEDDING_ER_RQ1_2_4_53_3,COMPLETED,2025-07-14T14:07:03.399600Z,2025-07-14T14:07:03.950787Z
8e85624d-3294-4f04-81d4-bd67e527b4cb,ising,Advantage_system4.1,BIKAINTEK_EMBEDDING_ER_RQ1_2_4_52_3,COMPLETED,2025-07-14T14:07:00.319425Z,2025-07-14T14:07:02.624432Z
262f8a19-a2c7-4400-9b8e-3c789866e86b,ising,Advantage_system4.1,BIKAINTEK_EMBEDDING_ER_RQ1_2_4_51_3,COMPLETED,2025-07-14T14:06:58.656951Z,2025-07-14T14:06:59.219627Z
0c315885-022c-4e4a-ae8b-85603b58cabf,ising,Advantage_system4.1,BIKAINTEK_EMBEDDING_ER_RQ1_2_4_50_3,COMPLETED,2025-07-14T14:06:57.276861Z,2025-07-14T14:06:57.819446Z
a85bd1e5-8d40-4075-9d89-4e8284e4a63a,ising,Advantage_system4.1,BIKAINTEK_EMBEDDING_ER_RQ1_2_4_49_3,COMPLETED,2025-07-14T14:06:55.659909Z,2025-07-14T14:06:56.242785Z
979b4268-acda-4c51-8f74-062cbadb0747,ising,Advantage_system4.1,BIKAINTEK_EMBEDDING_ER_RQ1_2_4_48_3,COMPLETED,2025-07-14T14:06:54.199936Z,2025-07-14T14:06:54.737396Z
e3b8f0d5-32c6-4195-a108-f39624c85f8b,ising,Advantage_system4.1,BIKAINTEK_EMBEDDING_ER_RQ1_2_4_47_3,COMPLETED,2025-07-14T14:06:52.890460Z,2025-07-14T14:06:53.372480Z
29b963e9-226b-47ac-bd8a-528a90de92af,ising,Advantage_system4.1,BIKAINTEK_EMBEDDING_ER_RQ1_2_4_46_3,COMPLETED,2025-07-14T14:06:51.445681Z,2025-07-14T14:06:51.932075Z
45f2700d-a193-4af3-be82-59f2e084f5f4,ising,Advantage_system4.1,BIKAINTEK_EMBEDDING_ER_RQ1_2_4_45_3,COMPLETED,2025-07-14T14:06:49.982756Z,2025-07-14T14:06:50.492153Z
d7ec9f6c-7d14-43a8-b4c4-f08e141a361b,ising,Advantage_system4.1,BIKAINTEK_EMBEDDING_ER_RQ1_2_4_44_3,COMPLETED,2025-07-14T14:06:48.444462Z,2025-07-14T14:06:48.974313Z
eb0db14f-5eee-414f-926a-bcf8ec0ad942,ising,Advantage_system4.1,BIKAINTEK_EMBEDDING_ER_RQ1_2_4_43_3,COMPLETED,2025-07-14T14:06:47.055842Z,2025-07-14T14:06:47.624767Z
f0d01721-f93b-456b-9816-11662c84c00a,ising,Advantage_system4.1,BIKAINTEK_EMBEDDING_ER_RQ1_2_4_42_3,COMPLETED,2025-07-14T14:06:45.575351Z,2025-07-14T14:06:46.126253Z
1842773c-0777-4696-a8ca-994363cad1c6,ising,Advantage_system4.1,BIKAINTEK_EMBEDDING_ER_RQ1_2_4_41_3,COMPLETED,2025-07-14T14:06:43.998087Z,2025-07-14T14:06:44.561054Z
0aaa267b-09fc-4d18-8fc5-b8358c032795,ising,Advantage_system4.1,BIKAINTEK_EMBEDDING_ER_RQ1_2_4_40_3,COMPLETED,2025-07-14T14:06:42.605337Z,2025-07-14T14:06:43.158568Z
3a167a53-6150-4020-a682-6137462b207f,ising,Advantage_system4.1,BIKAINTEK_EMBEDDING_ER_RQ1_2_4_39_3,COMPLETED,2025-07-14T14:06:41.093490Z,2025-07-14T14:06:41.645699Z
03ea844b-8208-4d34-84a7-247dc5467a72,ising,Advantage_system4.1,BIKAINTEK_EMBEDDING_ER_RQ1_2_4_38_3,COMPLETED,2025-07-14T14:06:39.729767Z,2025-07-14T14:06:40.307124Z
232cf35d-9711-41d4-8b5a-35f0d824a924,ising,Advantage_system4.1,BIKAINTEK_EMBEDDING_ER_RQ1_2_4_37_3,COMPLETED,2025-07-14T14:06:38.394961Z,2025-07-14T14:06:38.960887Z
12a12956-f8d7-4535-aa84-68f0b8684ac0,ising,Advantage_system4.1,BIKAINTEK_EMBEDDING_ER_RQ1_2_4_36_3,COMPLETED,2025-07-14T14:06:36.818855Z,2025-07-14T14:06:37.321824Z
3675e219-6359-41b4-8968-9ba8d16063de,ising,Advantage_system4.1,BIKAINTEK_EMBEDDING_ER_RQ1_2_4_35_3,COMPLETED,2025-07-14T14:06:35.512636Z,2025-07-14T14:06:36.039055Z
54e847ac-b68a-424d-a98f-9cecab5992da,ising,Advantage_system4.1,BIKAINTEK_EMBEDDING_ER_RQ1_2_4_34_3,COMPLETED,2025-07-14T14:06:34.072701Z,2025-07-14T14:06:34.678584Z
58c15e66-48e8-433b-9219-8f288282bdb9,ising,Advantage_system4.1,BIKAINTEK_EMBEDDING_ER_RQ1_2_4_33_3,COMPLETED,2025-07-14T14:06:32.620335Z,2025-07-14T14:06:33.129778Z
7a3a45c8-ce9a-4e2e-b754-c555ebd5ea29,ising,Advantage_system4.1,BIKAINTEK_EMBEDDING_ER_RQ1_2_4_32_3,COMPLETED,2025-07-14T14:06:31.296406Z,2025-07-14T14:06:31.800574Z
4ee2dfea-f486-457a-8b38-c45a918f3e66,ising,Advantage_system4.1,BIKAINTEK_EMBEDDING_ER_RQ1_2_4_31_3,COMPLETED,2025-07-14T14:06:29.763683Z,2025-07-14T14:06:30.290509Z
7c6fdb0d-56ff-4007-86e1-153cc9b45715,ising,Advantage_system4.1,BIKAINTEK_EMBEDDING_ER_RQ1_2_4_30_3,COMPLETED,2025-07-14T14:06:28.261434Z,2025-07-14T14:06:28.831343Z
0400042c-822f-4510-849f-8718fd5c99c0,ising,Advantage_system4.1,BIKAINTEK_EMBEDDING_ER_RQ1_2_4_29_3,COMPLETED,2025-07-14T14:06:26.812989Z,2025-07-14T14:06:27.401618Z
6c7f9d6c-8eb8-43ce-bdde-a1b52c69a8fe,ising,Advantage_system4.1,BIKAINTEK_EMBEDDING_ER_RQ1_2_4_28_3,COMPLETED,2025-07-14T14:06:25.357805Z,2025-07-14T14:06:25.942783Z
5f0f609a-a3c0-45a1-b445-daeb5bfdd6e7,ising,Advantage_system4.1,BIKAINTEK_EMBEDDING_ER_RQ1_2_4_27_3,COMPLETED,2025-07-14T14:06:23.784169Z,2025-07-14T14:06:24.360687Z
a291705f-c552-453e-bca8-56e4d13e7ec9,ising,Advantage_system4.1,BIKAINTEK_EMBEDDING_ER_RQ1_2_4_26_3,COMPLETED,2025-07-14T14:06:22.359579Z,2025-07-14T14:06:22.947006Z
404ba538-386c-43f6-b9df-29e4c83ff708,ising,Advantage_system4.1,BIKAINTEK_EMBEDDING_ER_RQ1_2_4_25_3,COMPLETED,2025-07-14T14:06:20.980351Z,2025-07-14T14:06:21.536816Z
7117a9ff-0dac-411a-98ed-5623dcb0ac38,ising,Advantage_system4.1,BIKAINTEK_EMBEDDING_ER_RQ1_2_4_24_3,COMPLETED,2025-07-14T14:06:19.494615Z,2025-07-14T14:06:20.060050Z
6230de3f-9738-4046-b1a0-9b8d101687e2,ising,Advantage_system4.1,BIKAINTEK_EMBEDDING_ER_RQ1_2_4_23_3,COMPLETED,2025-07-14T14:06:18.224336Z,2025-07-14T14:06:18.715054Z
5ec3c832-3c16-4805-b058-fd4088439154,ising,Advantage_system4.1,BIKAINTEK_EMBEDDING_ER_RQ1_2_4_22_3,COMPLETED,2025-07-14T14:06:16.743879Z,2025-07-14T14:06:17.272722Z
ebd01c83-69b5-4761-a3a0-b451ed159d7d,ising,Advantage_system4.1,BIKAINTEK_EMBEDDING_ER_RQ1_2_4_21_3,COMPLETED,2025-07-14T14:06:15.200329Z,2025-07-14T14:06:15.686491Z
a0832b59-7068-46ce-9ed2-347f57b45f0f,ising,Advantage_system4.1,BIKAINTEK_EMBEDDING_ER_RQ1_2_4_20_3,COMPLETED,2025-07-14T14:06:13.851197Z,2025-07-14T14:06:14.409269Z
3c27769b-4fca-4ac1-bf0d-0a68dedf1f58,ising,Advantage_system4.1,BIKAINTEK_EMBEDDING_ER_RQ1_2_4_19_3,COMPLETED,2025-07-14T14:06:12.167310Z,2025-07-14T14:06:12.712841Z
9c5c0f05-d227-4de1-b8f5-151c8ee2424c,ising,Advantage_system4.1,BIKAINTEK_EMBEDDING_ER_RQ1_2_4_18_3,COMPLETED,2025-07-14T14:06:10.822271Z,2025-07-14T14:06:11.338907Z
d4bcf744-7ce9-477d-8045-2d3a49734352,ising,Advantage_system4.1,BIKAINTEK_EMBEDDING_ER_RQ1_2_4_17_3,COMPLETED,2025-07-14T14:06:09.449856Z,2025-07-14T14:06:09.999265Z
bc999101-156d-4fef-99da-3d08947e4502,ising,Advantage_system4.1,BIKAINTEK_EMBEDDING_ER_RQ1_2_4_16_3,COMPLETED,2025-07-14T14:06:07.684082Z,2025-07-14T14:06:08.278066Z
e0551c46-ed57-4fd9-89b8-d59bde0b057e,ising,Advantage_system4.1,BIKAINTEK_EMBEDDING_ER_RQ1_2_4_15_3,COMPLETED,2025-07-14T14:06:06.213036Z,2025-07-14T14:06:06.780171Z
b945c319-b678-4076-92f0-c0befff21f50,ising,Advantage_system4.1,BIKAINTEK_EMBEDDING_ER_RQ1_2_4_14_3,COMPLETED,2025-07-14T14:06:04.566321Z,2025-07-14T14:06:05.158570Z
378165ef-2539-4b5e-b23d-bd39a43f522a,ising,Advantage_system4.1,BIKAINTEK_EMBEDDING_ER_RQ1_2_4_13_3,COMPLETED,2025-07-14T14:06:03.074334Z,2025-07-14T14:06:03.592505Z
79772ac8-0c28-4bc0-9980-dc3f414ddc92,ising,Advantage_system4.1,BIKAINTEK_EMBEDDING_ER_RQ1_2_4_12_3,COMPLETED,2025-07-14T14:06:01.733745Z,2025-07-14T14:06:02.272953Z
adb527ea-d606-4463-a319-46380a9f303a,ising,Advantage_system4.1,BIKAINTEK_EMBEDDING_ER_RQ1_2_4_11_3,COMPLETED,2025-07-14T14:06:00.079619Z,2025-07-14T14:06:00.694413Z
d6767aa6-c140-453e-bd75-1f91d4b66102,ising,Advantage_system4.1,BIKAINTEK_EMBEDDING_ER_RQ1_2_4_10_3,COMPLETED,2025-07-14T14:05:58.596934Z,2025-07-14T14:05:59.118772Z
013b8682-8b4c-41e2-aa57-dbf2c9a20a0d,ising,Advantage_system4.1,BIKAINTEK_EMBEDDING_ER_RQ1_2_4_9_3,COMPLETED,2025-07-14T14:05:56.928123Z,2025-07-14T14:05:57.457372Z
826d069a-777d-4031-8c79-ee0da1f3bac7,ising,Advantage_system4.1,BIKAINTEK_EMBEDDING_ER_RQ1_2_4_8_3,COMPLETED,2025-07-14T14:05:55.402239Z,2025-07-14T14:05:55.993304Z
f6585cd7-fe3e-45e2-b39e-9f7ec8e96001,ising,Advantage_system4.1,BIKAINTEK_EMBEDDING_ER_RQ1_2_4_7_3,COMPLETED,2025-07-14T14:05:53.491809Z,2025-07-14T14:05:54.103354Z
60805993-a3d4-4549-bf16-c3abdae99cab,ising,Advantage_system4.1,BIKAINTEK_EMBEDDING_ER_RQ1_2_4_6_3,COMPLETED,2025-07-14T14:05:51.731706Z,2025-07-14T14:05:52.309657Z
1835e6a2-f636-466b-afbf-c60192b6c450,ising,Advantage_system4.1,BIKAINTEK_EMBEDDING_ER_RQ1_2_4_5_3,COMPLETED,2025-07-14T14:05:50.078015Z,2025-07-14T14:05:50.594105Z
41e207f1-cc9c-4fe9-a8ae-208ae510ecf5,ising,Advantage_system4.1,BIKAINTEK_EMBEDDING_ER_RQ1_2_4_4_3,COMPLETED,2025-07-14T14:05:48.301180Z,2025-07-14T14:05:48.826926Z
d207ac9c-45a9-4f1e-8d02-08d94979ce87,ising,Advantage_system4.1,BIKAINTEK_EMBEDDING_ER_RQ1_2_4_3_3,COMPLETED,2025-07-14T14:05:46.836692Z,2025-07-14T14:05:47.357674Z
33581cb5-706a-4a09-98e6-037d11023709,ising,Advantage_system4.1,BIKAINTEK_EMBEDDING_ER_RQ1_2_4_2_3,COMPLETED,2025-07-14T14:05:45.351603Z,2025-07-14T14:05:45.968318Z
1f57a73b-99bf-4c13-8929-108e4d6d1867,ising,Advantage_system4.1,BIKAINTEK_EMBEDDING_ER_RQ1_2_4_1_3,COMPLETED,2025-07-14T14:05:43.525817Z,2025-07-14T14:05:44.121349Z
1212a205-9b36-49a6-b9c7-fcf6d4697769,ising,Advantage_system4.1,BIKAINTEK_EMBEDDING_ER_RQ1_2_4_0_3,COMPLETED,2025-07-14T14:05:42.028512Z,2025-07-14T14:05:42.615002Z
1a691c2d-054f-400e-be8b-fe2699e99b58,ising,Advantage_system4.1,BIKAINTEK_EMBEDDING_ER_RQ1_2_3_99_3,COMPLETED,2025-07-14T14:05:40.613698Z,2025-07-14T14:05:41.101887Z
3f223aa4-f2e7-482d-b7a8-3d4754bc306c,ising,Advantage_system4.1,BIKAINTEK_EMBEDDING_ER_RQ1_2_3_98_3,COMPLETED,2025-07-14T14:05:39.123845Z,2025-07-14T14:05:39.604901Z
7681cb65-5571-4f91-8af0-7dbe0b882c0f,ising,Advantage_system4.1,BIKAINTEK_EMBEDDING_ER_RQ1_2_3_97_3,COMPLETED,2025-07-14T14:05:37.579228Z,2025-07-14T14:05:38.127906Z
0aadf5da-2d15-413d-b1c8-3c3900d8ca35,ising,Advantage_system4.1,BIKAINTEK_EMBEDDING_ER_RQ1_2_3_96_3,COMPLETED,2025-07-14T14:05:35.924562Z,2025-07-14T14:05:36.396906Z
f95c4cb0-1f7f-4e7b-9978-f7be589b6b14,ising,Advantage_system4.1,BIKAINTEK_EMBEDDING_ER_RQ1_2_3_95_3,COMPLETED,2025-07-14T14:05:34.299798Z,2025-07-14T14:05:34.757782Z
f93dac7d-a302-415b-9b54-0a06cbc4389b,ising,Advantage_system4.1,BIKAINTEK_EMBEDDING_ER_RQ1_2_3_94_3,COMPLETED,2025-07-14T14:05:32.827136Z,2025-07-14T14:05:33.310183Z
5325e8be-6443-4ec2-8fa9-606a9aa1673a,ising,Advantage_system4.1,BIKAINTEK_EMBEDDING_ER_RQ1_2_3_93_3,COMPLETED,2025-07-14T14:05:31.423780Z,2025-07-14T14:05:31.927354Z
3f55cc21-a008-4c82-9305-a12cf704a965,ising,Advantage_system4.1,BIKAINTEK_EMBEDDING_ER_RQ1_2_3_92_3,COMPLETED,2025-07-14T14:05:29.923596Z,2025-07-14T14:05:30.492755Z
88978ac5-a103-4d7d-8365-5194353f6336,ising,Advantage_system4.1,BIKAINTEK_EMBEDDING_ER_RQ1_2_3_91_3,COMPLETED,2025-07-14T14:05:27.256356Z,2025-07-14T14:05:27.813498Z
0288971f-2eb4-415b-a807-82e65cbdefff,ising,Advantage_system4.1,BIKAINTEK_EMBEDDING_ER_RQ1_2_3_90_3,COMPLETED,2025-07-14T14:05:25.967077Z,2025-07-14T14:05:26.463890Z
30e53a6b-eadd-42ce-80a5-ca157198ebe0,ising,Advantage_system4.1,BIKAINTEK_EMBEDDING_ER_RQ1_2_3_89_3,COMPLETED,2025-07-14T14:05:24.557430Z,2025-07-14T14:05:25.042461Z
35da8f73-4b3b-40e1-96ba-72278ae54902,ising,Advantage_system4.1,BIKAINTEK_EMBEDDING_ER_RQ1_2_3_88_3,COMPLETED,2025-07-14T14:05:23.222042Z,2025-07-14T14:05:23.774848Z
ca453d6c-597b-4dee-ae91-67880a7d1cc8,ising,Advantage_system4.1,BIKAINTEK_EMBEDDING_ER_RQ1_2_3_87_3,COMPLETED,2025-07-14T14:05:21.757483Z,2025-07-14T14:05:22.247791Z
d75b90c2-1d63-4eba-98f5-4c0bde766e13,ising,Advantage_system4.1,BIKAINTEK_EMBEDDING_ER_RQ1_2_3_86_3,COMPLETED,2025-07-14T14:05:20.453928Z,2025-07-14T14:05:20.962167Z
ae83cad6-045b-49dc-b941-1b9ef85b7aea,ising,Advantage_system4.1,BIKAINTEK_EMBEDDING_ER_RQ1_2_3_85_3,COMPLETED,2025-07-14T14:05:19.097886Z,2025-07-14T14:05:19.632148Z
3bce81df-dc41-4088-a025-f3340a2895c0,ising,Advantage_system4.1,BIKAINTEK_EMBEDDING_ER_RQ1_2_3_84_3,COMPLETED,2025-07-14T14:05:17.775337Z,2025-07-14T14:05:18.277892Z
4f7bd699-8742-436e-ab1d-fe026f79e59e,ising,Advantage_system4.1,BIKAINTEK_EMBEDDING_ER_RQ1_2_3_83_3,COMPLETED,2025-07-14T14:05:16.324636Z,2025-07-14T14:05:16.797617Z
f392080a-cd2c-4754-81e7-56863c88c729,ising,Advantage_system4.1,BIKAINTEK_EMBEDDING_ER_RQ1_2_3_82_3,COMPLETED,2025-07-14T14:05:14.996063Z,2025-07-14T14:05:15.523931Z
c7b5d398-dc89-492c-a9fe-23a5e1973ca1,ising,Advantage_system4.1,BIKAINTEK_EMBEDDING_ER_RQ1_2_3_81_3,COMPLETED,2025-07-14T14:05:13.771299Z,2025-07-14T14:05:14.215459Z
17485604-1a29-4c24-880c-ae6907127a53,ising,Advantage_system4.1,BIKAINTEK_EMBEDDING_ER_RQ1_2_3_80_3,COMPLETED,2025-07-14T14:05:12.364930Z,2025-07-14T14:05:12.842966Z
1f928052-8e19-4eaa-bbe4-d7ebe12b9772,ising,Advantage_system4.1,BIKAINTEK_EMBEDDING_ER_RQ1_2_3_79_3,COMPLETED,2025-07-14T14:05:11.056871Z,2025-07-14T14:05:11.565622Z
628f454e-567f-4d2d-af75-02c561d09b4a,ising,Advantage_system4.1,BIKAINTEK_EMBEDDING_ER_RQ1_2_3_78_3,COMPLETED,2025-07-14T14:05:09.707240Z,2025-07-14T14:05:10.206853Z
5e2211c1-12ec-4fe3-a40e-22688b8a04c1,ising,Advantage_system4.1,BIKAINTEK_EMBEDDING_ER_RQ1_2_3_77_3,COMPLETED,2025-07-14T14:05:08.241099Z,2025-07-14T14:05:08.800493Z
2417b6c0-3716-4ed8-99ad-08d86ecbccd4,ising,Advantage_system4.1,BIKAINTEK_EMBEDDING_ER_RQ1_2_3_76_3,COMPLETED,2025-07-14T14:05:06.901210Z,2025-07-14T14:05:07.459904Z
ca10b540-da46-49ae-8cfa-6f9ec255a835,ising,Advantage_system4.1,BIKAINTEK_EMBEDDING_ER_RQ1_2_3_75_3,COMPLETED,2025-07-14T14:05:05.518148Z,2025-07-14T14:05:05.992659Z
08100e5c-30f0-414f-8dd6-502ebcf3d204,ising,Advantage_system4.1,BIKAINTEK_EMBEDDING_ER_RQ1_2_3_74_3,COMPLETED,2025-07-14T14:05:04.254424Z,2025-07-14T14:05:04.732375Z
01e04d30-32fe-4539-a76e-3e2dcd33cd3a,ising,Advantage_system4.1,BIKAINTEK_EMBEDDING_ER_RQ1_2_3_73_3,COMPLETED,2025-07-14T14:05:02.946316Z,2025-07-14T14:05:03.472003Z
c9c3888f-1b6a-4b8a-af96-6a4e090d7b63,ising,Advantage_system4.1,BIKAINTEK_EMBEDDING_ER_RQ1_2_3_72_3,COMPLETED,2025-07-14T14:05:01.658835Z,2025-07-14T14:05:02.137317Z
65e17c4b-0b90-48d8-b42c-0430e3393ab6,ising,Advantage_system4.1,BIKAINTEK_EMBEDDING_ER_RQ1_2_3_71_3,COMPLETED,2025-07-14T14:05:00.239033Z,2025-07-14T14:05:00.756580Z
eb625083-2ad4-4d2c-89e5-6adf55a13a4e,ising,Advantage_system4.1,BIKAINTEK_EMBEDDING_ER_RQ1_2_3_70_3,COMPLETED,2025-07-14T14:04:58.967094Z,2025-07-14T14:04:59.453990Z
7812f63f-ed5a-4ebf-b940-882d2ef7bafa,ising,Advantage_system4.1,BIKAINTEK_EMBEDDING_ER_RQ1_2_3_69_3,COMPLETED,2025-07-14T14:04:57.545696Z,2025-07-14T14:04:58.045820Z
9025683c-ef10-4024-8981-0e98bd2c0c61,ising,Advantage_system4.1,BIKAINTEK_EMBEDDING_ER_RQ1_2_3_68_3,COMPLETED,2025-07-14T14:04:56.266619Z,2025-07-14T14:04:56.753177Z
c2d4c152-1fc4-44f4-b91d-02f3b069fa85,ising,Advantage_system4.1,BIKAINTEK_EMBEDDING_ER_RQ1_2_3_67_3,COMPLETED,2025-07-14T14:04:54.952674Z,2025-07-14T14:04:55.486756Z
cbcbea0e-85d7-495d-9cdc-70ec141730bd,ising,Advantage_system4.1,BIKAINTEK_EMBEDDING_ER_RQ1_2_3_66_3,COMPLETED,2025-07-14T14:04:53.630798Z,2025-07-14T14:04:54.158628Z
3f18c974-2ad8-483e-a569-4f9df9ba80fe,ising,Advantage_system4.1,BIKAINTEK_EMBEDDING_ER_RQ1_2_3_65_3,COMPLETED,2025-07-14T14:04:52.175034Z,2025-07-14T14:04:52.749648Z
457911ea-030d-4a71-9c6e-a25af5097488,ising,Advantage_system4.1,BIKAINTEK_EMBEDDING_ER_RQ1_2_3_64_3,COMPLETED,2025-07-14T14:04:50.851313Z,2025-07-14T14:04:51.374890Z
938f9169-19c1-4d0b-a57e-ca4f3c86d7e7,ising,Advantage_system4.1,BIKAINTEK_EMBEDDING_ER_RQ1_2_3_63_3,COMPLETED,2025-07-14T14:04:49.434427Z,2025-07-14T14:04:50.062524Z
212bbeaf-52a2-4667-926a-bd3c06a9c9a1,ising,Advantage_system4.1,BIKAINTEK_EMBEDDING_ER_RQ1_2_3_62_3,COMPLETED,2025-07-14T14:04:48.026731Z,2025-07-14T14:04:48.526110Z
be4a18bd-b03e-49f9-91ce-d57120dc7664,ising,Advantage_system4.1,BIKAINTEK_EMBEDDING_ER_RQ1_2_3_61_3,COMPLETED,2025-07-14T14:04:46.665085Z,2025-07-14T14:04:47.225271Z
4b00938f-961e-4fdb-b03e-601810a61402,ising,Advantage_system4.1,BIKAINTEK_EMBEDDING_ER_RQ1_2_3_60_3,COMPLETED,2025-07-14T14:04:45.290937Z,2025-07-14T14:04:45.872935Z
46836e6c-e57e-430b-ab84-5314b666e72e,ising,Advantage_system4.1,BIKAINTEK_EMBEDDING_ER_RQ1_2_3_59_3,COMPLETED,2025-07-14T14:04:43.682645Z,2025-07-14T14:04:44.364582Z
3573b306-a8a8-4fa4-b79d-7067b78816da,ising,Advantage_system4.1,BIKAINTEK_EMBEDDING_ER_RQ1_2_3_58_3,COMPLETED,2025-07-14T14:04:42.285271Z,2025-07-14T14:04:42.902831Z
00b1b095-68ca-437b-acb2-f098b51078f9,ising,Advantage_system4.1,BIKAINTEK_EMBEDDING_ER_RQ1_2_3_57_3,COMPLETED,2025-07-14T14:04:40.839837Z,2025-07-14T14:04:41.347112Z
b994b9ff-ac5d-4433-a92a-50079adeb031,ising,Advantage_system4.1,BIKAINTEK_EMBEDDING_ER_RQ1_2_3_56_3,COMPLETED,2025-07-14T14:04:39.567206Z,2025-07-14T14:04:40.035475Z
800b2b5f-d66a-416a-ab5d-7d27b0db6640,ising,Advantage_system4.1,BIKAINTEK_EMBEDDING_ER_RQ1_2_3_55_3,COMPLETED,2025-07-14T14:04:38.260156Z,2025-07-14T14:04:38.779808Z
e43b62b2-d77a-4727-ad98-c49e54ef7086,ising,Advantage_system4.1,BIKAINTEK_EMBEDDING_ER_RQ1_2_3_54_3,COMPLETED,2025-07-14T14:04:36.906159Z,2025-07-14T14:04:37.465209Z
0df59cb4-ebbb-4d23-8621-6f166e630b3d,ising,Advantage_system4.1,BIKAINTEK_EMBEDDING_ER_RQ1_2_3_53_3,COMPLETED,2025-07-14T14:04:35.467778Z,2025-07-14T14:04:35.968546Z
d207548c-b312-4d61-aec7-e0f3c15d1988,ising,Advantage_system4.1,BIKAINTEK_EMBEDDING_ER_RQ1_2_3_52_3,COMPLETED,2025-07-14T14:04:34.127269Z,2025-07-14T14:04:34.663714Z
1c8afb3d-f828-4f7d-a615-169b18cf1858,ising,Advantage_system4.1,BIKAINTEK_EMBEDDING_ER_RQ1_2_3_51_3,COMPLETED,2025-07-14T14:04:32.664023Z,2025-07-14T14:04:33.204786Z
f204c7f5-8a52-491c-acb2-08ed6af856ee,ising,Advantage_system4.1,BIKAINTEK_EMBEDDING_ER_RQ1_2_3_50_3,COMPLETED,2025-07-14T14:04:31.290837Z,2025-07-14T14:04:31.857753Z
55c29bb0-362e-4492-b0c0-6bd56acb1bf7,ising,Advantage_system4.1,BIKAINTEK_EMBEDDING_ER_RQ1_2_3_49_3,COMPLETED,2025-07-14T14:04:29.928414Z,2025-07-14T14:04:30.488242Z
e40c980d-653b-4de7-a39c-5e606e2eb1fa,ising,Advantage_system4.1,BIKAINTEK_EMBEDDING_ER_RQ1_2_3_48_3,COMPLETED,2025-07-14T14:04:28.384185Z,2025-07-14T14:04:28.981436Z
da60d904-53b7-44c8-9fc1-782dd4921441,ising,Advantage_system4.1,BIKAINTEK_EMBEDDING_ER_RQ1_2_3_47_3,COMPLETED,2025-07-14T14:04:27.074609Z,2025-07-14T14:04:27.587563Z
9a262918-e0d0-4a28-bb37-e13c771297e5,ising,Advantage_system4.1,BIKAINTEK_EMBEDDING_ER_RQ1_2_3_46_3,COMPLETED,2025-07-14T14:04:25.694838Z,2025-07-14T14:04:26.287131Z
f0454cea-dba7-43a9-8e9b-b52dd65a92b3,ising,Advantage_system4.1,BIKAINTEK_EMBEDDING_ER_RQ1_2_3_45_3,COMPLETED,2025-07-14T14:04:24.170605Z,2025-07-14T14:04:24.778216Z
c2fc2a8f-b052-4364-a884-a9416c14604b,ising,Advantage_system4.1,BIKAINTEK_EMBEDDING_ER_RQ1_2_3_44_3,COMPLETED,2025-07-14T14:04:22.859348Z,2025-07-14T14:04:23.386969Z
411b4920-5a0f-4ffa-8f02-07d9148fac93,ising,Advantage_system4.1,BIKAINTEK_EMBEDDING_ER_RQ1_2_3_43_3,COMPLETED,2025-07-14T14:04:21.538158Z,2025-07-14T14:04:22.059423Z
0682524a-5fb4-4707-95ae-440005903502,ising,Advantage_system4.1,BIKAINTEK_EMBEDDING_ER_RQ1_2_3_42_3,COMPLETED,2025-07-14T14:04:20.123341Z,2025-07-14T14:04:20.630061Z
dc3fc303-df47-46b1-8d8a-c2bc2852b382,ising,Advantage_system4.1,BIKAINTEK_EMBEDDING_ER_RQ1_2_3_41_3,COMPLETED,2025-07-14T14:04:18.739157Z,2025-07-14T14:04:19.303295Z
288b18a7-c33f-4aa7-b093-bd8db7937d60,ising,Advantage_system4.1,BIKAINTEK_EMBEDDING_ER_RQ1_2_3_40_3,COMPLETED,2025-07-14T14:04:17.393307Z,2025-07-14T14:04:17.884437Z
1ae0fca9-930a-4275-8c87-f8744d0492f9,ising,Advantage_system4.1,BIKAINTEK_EMBEDDING_ER_RQ1_2_3_39_3,COMPLETED,2025-07-14T14:04:15.976442Z,2025-07-14T14:04:16.465787Z
9e91cfdc-15fa-4566-ac25-0e47779a7d03,ising,Advantage_system4.1,BIKAINTEK_EMBEDDING_ER_RQ1_2_3_38_3,COMPLETED,2025-07-14T14:04:14.620268Z,2025-07-14T14:04:15.195652Z
a8ccd8d9-fade-48a5-91fd-7e934a15300d,ising,Advantage_system4.1,BIKAINTEK_EMBEDDING_ER_RQ1_2_3_37_3,COMPLETED,2025-07-14T14:04:13.323006Z,2025-07-14T14:04:13.802203Z
851d7ab6-6a41-480a-bb67-6a69fbacb243,ising,Advantage_system4.1,BIKAINTEK_EMBEDDING_ER_RQ1_2_3_36_3,COMPLETED,2025-07-14T14:04:11.915538Z,2025-07-14T14:04:12.379720Z
9df3b588-6bae-4ffe-99c3-a070e91e8a42,ising,Advantage_system4.1,BIKAINTEK_EMBEDDING_ER_RQ1_2_3_35_3,COMPLETED,2025-07-14T14:04:10.567485Z,2025-07-14T14:04:11.098378Z
be6239f3-05fb-4440-b56f-64e8d31ca7b5,ising,Advantage_system4.1,BIKAINTEK_EMBEDDING_ER_RQ1_2_3_34_3,COMPLETED,2025-07-14T14:04:09.229497Z,2025-07-14T14:04:09.725506Z
f0c7b467-bae6-4ad9-88bc-7ab34ec1cd4e,ising,Advantage_system4.1,BIKAINTEK_EMBEDDING_ER_RQ1_2_3_33_3,COMPLETED,2025-07-14T14:04:07.708847Z,2025-07-14T14:04:08.263771Z
b0bf7a8b-d5a5-439e-80ec-5ea332008500,ising,Advantage_system4.1,BIKAINTEK_EMBEDDING_ER_RQ1_2_3_32_3,COMPLETED,2025-07-14T14:04:06.335951Z,2025-07-14T14:04:06.878920Z
fa1fe233-145b-4602-9f59-d8680cbae3f7,ising,Advantage_system4.1,BIKAINTEK_EMBEDDING_ER_RQ1_2_3_31_3,COMPLETED,2025-07-14T14:04:04.757004Z,2025-07-14T14:04:05.260394Z
f7ca63f2-295b-44d3-b4e0-da77fb9167f8,ising,Advantage_system4.1,BIKAINTEK_EMBEDDING_ER_RQ1_2_3_30_3,COMPLETED,2025-07-14T14:04:03.169032Z,2025-07-14T14:04:03.727703Z
0abd90bf-cf26-49d9-8fd7-dd7e642d36d1,ising,Advantage_system4.1,BIKAINTEK_EMBEDDING_ER_RQ1_2_3_29_3,COMPLETED,2025-07-14T14:04:01.526428Z,2025-07-14T14:04:02.101493Z
2752c5dd-fc62-453e-975b-a971892675ba,ising,Advantage_system4.1,BIKAINTEK_EMBEDDING_ER_RQ1_2_3_28_3,COMPLETED,2025-07-14T14:04:00.107226Z,2025-07-14T14:04:00.690369Z
830ef370-f7f1-4e53-9aed-dfc690e7b4e1,ising,Advantage_system4.1,BIKAINTEK_EMBEDDING_ER_RQ1_2_3_27_3,COMPLETED,2025-07-14T14:03:58.488064Z,2025-07-14T14:03:59.144101Z
15ec7a4f-42a6-4df5-93d7-91a6529b5812,ising,Advantage_system4.1,BIKAINTEK_EMBEDDING_ER_RQ1_2_3_26_3,COMPLETED,2025-07-14T14:03:56.943798Z,2025-07-14T14:03:57.471857Z
8ec0bd45-3f8a-4bf8-a9ed-fe6acb674f7d,ising,Advantage_system4.1,BIKAINTEK_EMBEDDING_ER_RQ1_2_3_25_3,COMPLETED,2025-07-14T14:03:55.609016Z,2025-07-14T14:03:56.130766Z
7fa9f354-aaa5-47bf-8626-19908e8ab502,ising,Advantage_system4.1,BIKAINTEK_EMBEDDING_ER_RQ1_2_3_24_3,COMPLETED,2025-07-14T14:03:53.918181Z,2025-07-14T14:03:54.472981Z
5637d888-4256-4e5d-838a-2b5185f5d5ed,ising,Advantage_system4.1,BIKAINTEK_EMBEDDING_ER_RQ1_2_3_23_3,COMPLETED,2025-07-14T14:03:52.531847Z,2025-07-14T14:03:53.065750Z
c97ad6fc-4dfb-450d-a2c4-d8f5b357d601,ising,Advantage_system4.1,BIKAINTEK_EMBEDDING_ER_RQ1_2_3_22_3,COMPLETED,2025-07-14T14:03:51.010115Z,2025-07-14T14:03:51.563900Z
a562c20d-8555-4b6c-bbc8-13a5adbf4515,ising,Advantage_system4.1,BIKAINTEK_EMBEDDING_ER_RQ1_2_3_21_3,COMPLETED,2025-07-14T14:03:49.573983Z,2025-07-14T14:03:50.194571Z
81563826-9470-4f2c-b3e4-2fd6ea569b31,ising,Advantage_system4.1,BIKAINTEK_EMBEDDING_ER_RQ1_2_3_20_3,COMPLETED,2025-07-14T14:03:47.909345Z,2025-07-14T14:03:48.484913Z
33c4c259-680d-4f99-be2b-4d2a7ee8f4f2,ising,Advantage_system4.1,BIKAINTEK_EMBEDDING_ER_RQ1_2_3_19_3,COMPLETED,2025-07-14T14:03:46.551066Z,2025-07-14T14:03:47.080683Z
05b5d813-f46a-4932-8696-e9e0ab672e1b,ising,Advantage_system4.1,BIKAINTEK_EMBEDDING_ER_RQ1_2_3_18_3,COMPLETED,2025-07-14T14:03:44.880161Z,2025-07-14T14:03:45.521441Z
23f8eefc-47eb-4397-8522-81f367e09bbd,ising,Advantage_system4.1,BIKAINTEK_EMBEDDING_ER_RQ1_2_3_17_3,COMPLETED,2025-07-14T14:03:43.234942Z,2025-07-14T14:03:43.753706Z
8e1763c7-4acc-4ec0-9e92-8ae33ff77636,ising,Advantage_system4.1,BIKAINTEK_EMBEDDING_ER_RQ1_2_3_16_3,COMPLETED,2025-07-14T14:03:41.563404Z,2025-07-14T14:03:42.132541Z
10f3fcef-3ac6-47d5-b76e-e6decb505392,ising,Advantage_system4.1,BIKAINTEK_EMBEDDING_ER_RQ1_2_3_15_3,COMPLETED,2025-07-14T14:03:39.964571Z,2025-07-14T14:03:40.492205Z
da2c5945-8f6e-4539-93a5-56862d63e17d,ising,Advantage_system4.1,BIKAINTEK_EMBEDDING_ER_RQ1_2_3_14_3,COMPLETED,2025-07-14T14:03:38.101696Z,2025-07-14T14:03:38.644932Z
1704cd3f-00d1-4ab7-ba0c-f06990b5a893,ising,Advantage_system4.1,BIKAINTEK_EMBEDDING_ER_RQ1_2_3_13_3,COMPLETED,2025-07-14T14:03:36.565188Z,2025-07-14T14:03:37.051267Z
d16dbfdf-54a1-4571-abab-6a23783d4d7a,ising,Advantage_system4.1,BIKAINTEK_EMBEDDING_ER_RQ1_2_3_12_3,COMPLETED,2025-07-14T14:03:34.753374Z,2025-07-14T14:03:35.275510Z
974b1461-c5bb-4d02-87f6-3781ccdc080a,ising,Advantage_system4.1,BIKAINTEK_EMBEDDING_ER_RQ1_2_3_11_3,COMPLETED,2025-07-14T14:03:33.113438Z,2025-07-14T14:03:33.705523Z
e653b4c8-ec1c-4a49-bcd9-ffc5e85926de,ising,Advantage_system4.1,BIKAINTEK_EMBEDDING_ER_RQ1_2_3_10_3,COMPLETED,2025-07-14T14:03:31.668583Z,2025-07-14T14:03:32.223149Z
26e3571e-6271-413e-9c83-3d43b76ca175,ising,Advantage_system4.1,BIKAINTEK_EMBEDDING_ER_RQ1_2_3_9_3,COMPLETED,2025-07-14T14:03:29.732681Z,2025-07-14T14:03:30.288642Z
53f810d7-9a23-4405-ac19-6b6984f00630,ising,Advantage_system4.1,BIKAINTEK_EMBEDDING_ER_RQ1_2_3_8_3,COMPLETED,2025-07-14T14:03:28.125389Z,2025-07-14T14:03:28.670188Z
a7c0bcff-546c-4a9a-a8c5-5a3e5de258a7,ising,Advantage_system4.1,BIKAINTEK_EMBEDDING_ER_RQ1_2_3_7_3,COMPLETED,2025-07-14T14:03:23.626642Z,2025-07-14T14:03:24.245843Z
ef36b3fd-ab19-41dc-9ce1-a47bdaceec8b,ising,Advantage_system4.1,BIKAINTEK_EMBEDDING_ER_RQ1_2_3_6_3,COMPLETED,2025-07-14T14:03:21.945280Z,2025-07-14T14:03:22.487192Z
8c623f92-9d21-457b-b029-2eb1b4bc2037,ising,Advantage_system4.1,BIKAINTEK_EMBEDDING_ER_RQ1_2_3_5_3,COMPLETED,2025-07-14T14:03:20.555932Z,2025-07-14T14:03:21.112212Z
e3a0271b-9d1b-44b4-b24a-16c827d36bcc,ising,Advantage_system4.1,BIKAINTEK_EMBEDDING_ER_RQ1_2_3_4_3,COMPLETED,2025-07-14T14:03:19.000742Z,2025-07-14T14:03:19.487853Z
9fe0173b-e8c6-4b60-a62f-971e09118c19,ising,Advantage_system4.1,BIKAINTEK_EMBEDDING_ER_RQ1_2_3_3_3,COMPLETED,2025-07-14T14:03:17.115627Z,2025-07-14T14:03:17.700643Z
56bed994-07e2-4d06-b74c-83842bc15e82,ising,Advantage_system4.1,BIKAINTEK_EMBEDDING_ER_RQ1_2_3_2_3,COMPLETED,2025-07-14T14:03:15.433362Z,2025-07-14T14:03:16.015781Z
05ffbdd5-329b-4281-83b1-ce2363f78965,ising,Advantage_system4.1,BIKAINTEK_EMBEDDING_ER_RQ1_2_3_1_3,COMPLETED,2025-07-14T14:03:13.736721Z,2025-07-14T14:03:14.276917Z
94ccc152-96fd-401d-9af8-00d89ec0635b,ising,Advantage_system4.1,BIKAINTEK_EMBEDDING_ER_RQ1_2_3_0_3,COMPLETED,2025-07-14T14:03:12.409349Z,2025-07-14T14:03:12.920751Z
e19ed67c-fda5-4bdb-aacf-06093d850551,ising,Advantage_system4.1,BIKAINTEK_EMBEDDING_ER_RQ1_2_2_99_3,COMPLETED,2025-07-14T14:03:11.046631Z,2025-07-14T14:03:11.605422Z
20ec9e5f-ddd6-4e45-9770-ec90317446a2,ising,Advantage_system4.1,BIKAINTEK_EMBEDDING_ER_RQ1_2_2_98_3,COMPLETED,2025-07-14T14:03:09.614029Z,2025-07-14T14:03:10.251791Z
808ca583-087d-449a-8aa8-82150f18325c,ising,Advantage_system4.1,BIKAINTEK_EMBEDDING_ER_RQ1_2_2_97_3,COMPLETED,2025-07-14T14:03:08.214912Z,2025-07-14T14:03:08.691241Z
d68641a6-6497-405a-9014-9f2cd607be90,ising,Advantage_system4.1,BIKAINTEK_EMBEDDING_ER_RQ1_2_2_96_3,COMPLETED,2025-07-14T14:03:06.842379Z,2025-07-14T14:03:07.398347Z
2768485f-fd80-4146-af74-7ac87519a8cf,ising,Advantage_system4.1,BIKAINTEK_EMBEDDING_ER_RQ1_2_2_95_3,COMPLETED,2025-07-14T14:03:05.418736Z,2025-07-14T14:03:06.021059Z
875ffb13-10bf-4feb-b158-f547e957b12d,ising,Advantage_system4.1,BIKAINTEK_EMBEDDING_ER_RQ1_2_2_94_3,COMPLETED,2025-07-14T14:03:03.978747Z,2025-07-14T14:03:04.511007Z
1aa1996b-dd38-46b4-94c7-371707f51e29,ising,Advantage_system4.1,BIKAINTEK_EMBEDDING_ER_RQ1_2_2_93_3,COMPLETED,2025-07-14T14:03:02.672772Z,2025-07-14T14:03:03.209796Z
eee4671c-7e41-4bc5-9df2-c7856c5dbbb6,ising,Advantage_system4.1,BIKAINTEK_EMBEDDING_ER_RQ1_2_2_92_3,COMPLETED,2025-07-14T14:03:01.307127Z,2025-07-14T14:03:01.870815Z
05660ea8-9a51-49df-8cc6-7e991f49e4fa,ising,Advantage_system4.1,BIKAINTEK_EMBEDDING_ER_RQ1_2_2_91_3,COMPLETED,2025-07-14T14:02:59.743332Z,2025-07-14T14:03:00.345130Z
6ba0db6a-cadd-460e-84f8-868b13fe9f71,ising,Advantage_system4.1,BIKAINTEK_EMBEDDING_ER_RQ1_2_2_90_3,COMPLETED,2025-07-14T14:02:58.140546Z,2025-07-14T14:02:58.778568Z
3137b4ff-449a-4781-ab10-12b955b6668d,ising,Advantage_system4.1,BIKAINTEK_EMBEDDING_ER_RQ1_2_2_89_3,COMPLETED,2025-07-14T14:02:56.526668Z,2025-07-14T14:02:57.227119Z
84cb8f87-e867-4a84-83f5-b977681183d1,ising,Advantage_system4.1,BIKAINTEK_EMBEDDING_ER_RQ1_2_2_88_3,COMPLETED,2025-07-14T14:02:55.052141Z,2025-07-14T14:02:55.704468Z
03e1aaeb-b6d7-4a62-8d68-cb34307d6e7d,ising,Advantage_system4.1,BIKAINTEK_EMBEDDING_ER_RQ1_2_2_87_3,COMPLETED,2025-07-14T14:02:53.752265Z,2025-07-14T14:02:54.247058Z
21857997-0f15-481d-b048-3132d4de2dc0,ising,Advantage_system4.1,BIKAINTEK_EMBEDDING_ER_RQ1_2_2_86_3,COMPLETED,2025-07-14T14:02:52.341359Z,2025-07-14T14:02:52.939311Z
b652b2d4-13bd-4adb-aae9-ec1819c2e17f,ising,Advantage_system4.1,BIKAINTEK_EMBEDDING_ER_RQ1_2_2_85_3,COMPLETED,2025-07-14T14:02:50.834192Z,2025-07-14T14:02:51.414577Z
664e1dc7-31ba-4c10-a11f-7affc53cce9d,ising,Advantage_system4.1,BIKAINTEK_EMBEDDING_ER_RQ1_2_2_84_3,COMPLETED,2025-07-14T14:02:47.967454Z,2025-07-14T14:02:50.037571Z
df10dbf3-2e64-479f-90fe-0dad536a7621,ising,Advantage_system4.1,BIKAINTEK_EMBEDDING_ER_RQ1_2_2_83_3,COMPLETED,2025-07-14T14:02:43.739006Z,2025-07-14T14:02:47.163494Z
83a3f985-fee1-43bf-8ad9-6049c6ecca23,ising,Advantage_system4.1,BIKAINTEK_EMBEDDING_ER_RQ1_2_2_82_3,COMPLETED,2025-07-14T14:02:42.347517Z,2025-07-14T14:02:42.831290Z
f7637810-a6ae-46d1-b2a3-6d3357bfab87,ising,Advantage_system4.1,BIKAINTEK_EMBEDDING_ER_RQ1_2_2_81_3,COMPLETED,2025-07-14T14:02:40.761432Z,2025-07-14T14:02:41.348361Z
cbccdcf0-8a2d-463e-b7ca-2958da4d59c8,ising,Advantage_system4.1,BIKAINTEK_EMBEDDING_ER_RQ1_2_2_80_3,COMPLETED,2025-07-14T14:02:39.330649Z,2025-07-14T14:02:39.841257Z
a1b15337-defc-474e-a989-8262100d6041,ising,Advantage_system4.1,BIKAINTEK_EMBEDDING_ER_RQ1_2_2_79_3,COMPLETED,2025-07-14T14:02:37.974693Z,2025-07-14T14:02:38.545356Z
bd8db9be-55da-470b-878e-f2a5a232da63,ising,Advantage_system4.1,BIKAINTEK_EMBEDDING_ER_RQ1_2_2_78_3,COMPLETED,2025-07-14T14:02:36.660785Z,2025-07-14T14:02:37.163398Z
f63a14f3-64bb-4e0a-a35d-d159dd8ab225,ising,Advantage_system4.1,BIKAINTEK_EMBEDDING_ER_RQ1_2_2_77_3,COMPLETED,2025-07-14T14:02:34.888013Z,2025-07-14T14:02:35.852751Z
2e20d29a-e678-4111-8dde-275ee86eba9d,ising,Advantage_system4.1,BIKAINTEK_EMBEDDING_ER_RQ1_2_2_76_3,COMPLETED,2025-07-14T14:02:33.431425Z,2025-07-14T14:02:33.961994Z
37cfc026-a822-4c25-b7b5-2ea373203cc6,ising,Advantage_system4.1,BIKAINTEK_EMBEDDING_ER_RQ1_2_2_75_3,COMPLETED,2025-07-14T14:02:31.736045Z,2025-07-14T14:02:32.641421Z
eb586cdb-0b3a-4a57-ae1e-a73fabeccf09,ising,Advantage_system4.1,BIKAINTEK_EMBEDDING_ER_RQ1_2_2_74_3,COMPLETED,2025-07-14T14:02:30.236408Z,2025-07-14T14:02:30.824625Z
5d9544cd-b798-4a9f-ba61-a960e09c24cc,ising,Advantage_system4.1,BIKAINTEK_EMBEDDING_ER_RQ1_2_2_73_3,COMPLETED,2025-07-14T14:02:28.871230Z,2025-07-14T14:02:29.448970Z
43798b1f-2ad6-4020-a6f7-cb0c5b8bf189,ising,Advantage_system4.1,BIKAINTEK_EMBEDDING_ER_RQ1_2_2_72_3,COMPLETED,2025-07-14T14:02:27.540096Z,2025-07-14T14:02:28.098227Z
e6e22756-44dc-4482-8f7f-fcb408f7998e,ising,Advantage_system4.1,BIKAINTEK_EMBEDDING_ER_RQ1_2_2_71_3,COMPLETED,2025-07-14T14:02:25.922260Z,2025-07-14T14:02:26.767043Z
e8d33b48-e9fe-4fd9-99d8-4b8c38d25c6b,ising,Advantage_system4.1,BIKAINTEK_EMBEDDING_ER_RQ1_2_2_70_3,COMPLETED,2025-07-14T14:02:24.023137Z,2025-07-14T14:02:25.009148Z
99f6b472-778a-45b9-b4e2-0844ee0b42de,ising,Advantage_system4.1,BIKAINTEK_EMBEDDING_ER_RQ1_2_2_69_3,COMPLETED,2025-07-14T14:02:22.724899Z,2025-07-14T14:02:23.210025Z
05b93f7d-88d8-4287-b006-397363ade5df,ising,Advantage_system4.1,BIKAINTEK_EMBEDDING_ER_RQ1_2_2_68_3,COMPLETED,2025-07-14T14:02:21.107147Z,2025-07-14T14:02:21.917148Z
91767024-fbda-4410-a28a-ea0926be4a6d,ising,Advantage_system4.1,BIKAINTEK_EMBEDDING_ER_RQ1_2_2_67_3,COMPLETED,2025-07-14T14:02:19.282285Z,2025-07-14T14:02:20.139057Z
d690e929-9600-49da-8733-b9acf850419f,ising,Advantage_system4.1,BIKAINTEK_EMBEDDING_ER_RQ1_2_2_66_3,COMPLETED,2025-07-14T14:02:16.989291Z,2025-07-14T14:02:17.884818Z
30f5593f-631d-465b-8d92-2eba011eeca4,ising,Advantage_system4.1,BIKAINTEK_EMBEDDING_ER_RQ1_2_2_65_3,COMPLETED,2025-07-14T14:02:15.585675Z,2025-07-14T14:02:16.059106Z
da44f7e3-f168-46fe-9ef5-653826f78faf,ising,Advantage_system4.1,BIKAINTEK_EMBEDDING_ER_RQ1_2_2_64_3,COMPLETED,2025-07-14T14:02:14.277187Z,2025-07-14T14:02:14.776688Z
1d7baf4a-41e7-41ae-bc3c-04c7e66d9d24,ising,Advantage_system4.1,BIKAINTEK_EMBEDDING_ER_RQ1_2_2_63_3,COMPLETED,2025-07-14T14:02:12.931348Z,2025-07-14T14:02:13.465749Z
592836c4-72bc-4127-939f-7123418f43d5,ising,Advantage_system4.1,BIKAINTEK_EMBEDDING_ER_RQ1_2_2_62_3,COMPLETED,2025-07-14T14:02:11.424046Z,2025-07-14T14:02:11.994949Z
5d9ee570-7853-44c7-a3dc-944487f3ede8,ising,Advantage_system4.1,BIKAINTEK_EMBEDDING_ER_RQ1_2_2_61_3,COMPLETED,2025-07-14T14:02:10.065555Z,2025-07-14T14:02:10.640887Z
fcdc0b7d-658d-4083-a7fa-dfb462653263,ising,Advantage_system4.1,BIKAINTEK_EMBEDDING_ER_RQ1_2_2_60_3,COMPLETED,2025-07-14T14:02:08.328818Z,2025-07-14T14:02:09.281427Z
bf31c19e-e5f0-4e98-a90b-359b1c429a38,ising,Advantage_system4.1,BIKAINTEK_EMBEDDING_ER_RQ1_2_2_59_3,COMPLETED,2025-07-14T14:02:06.405913Z,2025-07-14T14:02:07.419258Z
964f28be-0f7f-4a98-b376-3c9e6ec31523,ising,Advantage_system4.1,BIKAINTEK_EMBEDDING_ER_RQ1_2_2_58_3,COMPLETED,2025-07-14T14:02:05.013661Z,2025-07-14T14:02:05.558580Z
85cdedcf-296a-4e3f-a6c8-1c134fe591c7,ising,Advantage_system4.1,BIKAINTEK_EMBEDDING_ER_RQ1_2_2_57_3,COMPLETED,2025-07-14T14:02:03.250886Z,2025-07-14T14:02:04.179888Z
438d9a72-ee4d-4419-8f85-a4ad012cb869,ising,Advantage_system4.1,BIKAINTEK_EMBEDDING_ER_RQ1_2_2_56_3,COMPLETED,2025-07-14T14:02:01.756336Z,2025-07-14T14:02:02.317933Z
289803d9-f644-4a58-b9d6-41f2cd9a7322,ising,Advantage_system4.1,BIKAINTEK_EMBEDDING_ER_RQ1_2_2_55_3,COMPLETED,2025-07-14T14:02:00.414888Z,2025-07-14T14:02:00.980006Z
b906b45a-6666-4bbd-b021-7fabdd2af6f1,ising,Advantage_system4.1,BIKAINTEK_EMBEDDING_ER_RQ1_2_2_54_3,COMPLETED,2025-07-14T14:01:58.726121Z,2025-07-14T14:01:59.580249Z
6a02dffd-3293-4da6-b8c7-6d77209fbaa2,ising,Advantage_system4.1,BIKAINTEK_EMBEDDING_ER_RQ1_2_2_53_3,COMPLETED,2025-07-14T14:01:57.240464Z,2025-07-14T14:01:57.760619Z
421ae263-0986-489a-ab4d-20f3c4bcd1cc,ising,Advantage_system4.1,BIKAINTEK_EMBEDDING_ER_RQ1_2_2_52_3,COMPLETED,2025-07-14T14:01:55.503620Z,2025-07-14T14:01:56.425085Z
21cfbd6a-7ee2-4981-8307-b71011f82bbb,ising,Advantage_system4.1,BIKAINTEK_EMBEDDING_ER_RQ1_2_2_51_3,COMPLETED,2025-07-14T14:01:53.752083Z,2025-07-14T14:01:54.604426Z
02d6a105-f2db-49a4-9f10-28296335c13b,ising,Advantage_system4.1,BIKAINTEK_EMBEDDING_ER_RQ1_2_2_50_3,COMPLETED,2025-07-14T14:01:52.236133Z,2025-07-14T14:01:52.752594Z
2f05666e-3772-4da0-b7a1-de26bc031589,ising,Advantage_system4.1,BIKAINTEK_EMBEDDING_ER_RQ1_2_2_49_3,COMPLETED,2025-07-14T14:01:50.881912Z,2025-07-14T14:01:51.422192Z
ffcbee79-c6fd-4019-8bea-249623bc68dd,ising,Advantage_system4.1,BIKAINTEK_EMBEDDING_ER_RQ1_2_2_48_3,COMPLETED,2025-07-14T14:01:49.211864Z,2025-07-14T14:01:50.076117Z
be44c1de-262b-4124-908c-e7e69136cf05,ising,Advantage_system4.1,BIKAINTEK_EMBEDDING_ER_RQ1_2_2_47_3,COMPLETED,2025-07-14T14:01:47.364505Z,2025-07-14T14:01:48.295924Z
aaab6bd2-d4e1-4178-a5b8-1e49d225ae4e,ising,Advantage_system4.1,BIKAINTEK_EMBEDDING_ER_RQ1_2_2_46_3,COMPLETED,2025-07-14T14:01:45.557992Z,2025-07-14T14:01:46.559582Z
6530a376-f1ca-4eab-9e99-9cd271c285bc,ising,Advantage_system4.1,BIKAINTEK_EMBEDDING_ER_RQ1_2_2_45_3,COMPLETED,2025-07-14T14:01:43.770687Z,2025-07-14T14:01:44.716436Z
998ca0b2-3960-4307-9e9f-4e388b4c9369,ising,Advantage_system4.1,BIKAINTEK_EMBEDDING_ER_RQ1_2_2_44_3,COMPLETED,2025-07-14T14:01:41.777852Z,2025-07-14T14:01:42.876075Z
98d3318f-d2f6-4a23-bc3b-fdaa18f636b0,ising,Advantage_system4.1,BIKAINTEK_EMBEDDING_ER_RQ1_2_2_43_3,COMPLETED,2025-07-14T14:01:39.927135Z,2025-07-14T14:01:40.948446Z
0dc5ed32-9db3-42af-9231-44ec242a93a9,ising,Advantage_system4.1,BIKAINTEK_EMBEDDING_ER_RQ1_2_2_42_3,COMPLETED,2025-07-14T14:01:37.945640Z,2025-07-14T14:01:39.106818Z
23c147c1-2249-4195-bc73-6d6b4321146c,ising,Advantage_system4.1,BIKAINTEK_EMBEDDING_ER_RQ1_2_2_41_3,COMPLETED,2025-07-14T14:01:35.840106Z,2025-07-14T14:01:37.017891Z
8572ec97-e6fd-404d-861f-6e9dce9f177e,ising,Advantage_system4.1,BIKAINTEK_EMBEDDING_ER_RQ1_2_2_40_3,COMPLETED,2025-07-14T14:01:33.643373Z,2025-07-14T14:01:35.035929Z
79336d65-e8e2-485e-8e11-7fa2c05064d1,ising,Advantage_system4.1,BIKAINTEK_EMBEDDING_ER_RQ1_2_2_39_3,COMPLETED,2025-07-14T14:01:31.590743Z,2025-07-14T14:01:32.842219Z
74ee67c2-69a8-40f8-b9ed-c93a60bd9ffc,ising,Advantage_system4.1,BIKAINTEK_EMBEDDING_ER_RQ1_2_2_38_3,COMPLETED,2025-07-14T14:01:29.136970Z,2025-07-14T14:01:30.616953Z
7e4019bd-1310-4300-9912-6bd6ab36e03f,ising,Advantage_system4.1,BIKAINTEK_EMBEDDING_ER_RQ1_2_2_37_3,COMPLETED,2025-07-14T14:01:27.166542Z,2025-07-14T14:01:28.308282Z
6bb23a75-c12f-4583-96a7-cbc002a681d7,ising,Advantage_system4.1,BIKAINTEK_EMBEDDING_ER_RQ1_2_2_36_3,COMPLETED,2025-07-14T14:01:24.947255Z,2025-07-14T14:01:26.248289Z
bf36d49d-d0d5-4407-8858-7c131be6580b,ising,Advantage_system4.1,BIKAINTEK_EMBEDDING_ER_RQ1_2_2_35_3,COMPLETED,2025-07-14T14:01:23.032689Z,2025-07-14T14:01:24.152937Z
f6e8663a-8a85-4801-a4fe-b42741891856,ising,Advantage_system4.1,BIKAINTEK_EMBEDDING_ER_RQ1_2_2_34_3,COMPLETED,2025-07-14T14:01:20.827445Z,2025-07-14T14:01:22.048887Z
8bd24e0b-8ae4-45d5-8c60-7e6b2721a449,ising,Advantage_system4.1,BIKAINTEK_EMBEDDING_ER_RQ1_2_2_33_3,COMPLETED,2025-07-14T14:01:19.429465Z,2025-07-14T14:01:19.993469Z
a72fd4ea-20e1-4e08-ac7c-f85a813ec10c,ising,Advantage_system4.1,BIKAINTEK_EMBEDDING_ER_RQ1_2_2_32_3,COMPLETED,2025-07-14T14:01:18.045536Z,2025-07-14T14:01:18.498881Z
2295e74e-f651-43da-8794-20fd9540e96c,ising,Advantage_system4.1,BIKAINTEK_EMBEDDING_ER_RQ1_2_2_31_3,COMPLETED,2025-07-14T14:01:16.690940Z,2025-07-14T14:01:17.224147Z
baafc814-21aa-442b-9e79-b06259bdceb7,ising,Advantage_system4.1,BIKAINTEK_EMBEDDING_ER_RQ1_2_2_30_3,COMPLETED,2025-07-14T14:01:15.100254Z,2025-07-14T14:01:15.879577Z
63832d4d-ca39-4f5e-846b-4ae57231bdec,ising,Advantage_system4.1,BIKAINTEK_EMBEDDING_ER_RQ1_2_2_29_3,COMPLETED,2025-07-14T14:01:13.267208Z,2025-07-14T14:01:13.920517Z
99f2b31c-ebb6-4077-b0aa-3c4f724b0380,ising,Advantage_system4.1,BIKAINTEK_EMBEDDING_ER_RQ1_2_2_28_3,COMPLETED,2025-07-14T14:01:11.854419Z,2025-07-14T14:01:12.429795Z
611e023d-01d3-47cd-90f8-80a632a38aa7,ising,Advantage_system4.1,BIKAINTEK_EMBEDDING_ER_RQ1_2_2_27_3,COMPLETED,2025-07-14T14:01:10.414217Z,2025-07-14T14:01:10.979168Z
938d8207-17a0-40cf-928a-0317ea9355a8,ising,Advantage_system4.1,BIKAINTEK_EMBEDDING_ER_RQ1_2_2_26_3,COMPLETED,2025-07-14T14:01:08.899236Z,2025-07-14T14:01:09.377889Z
ad49523e-6272-4fd8-bf8d-677facfe7d9c,ising,Advantage_system4.1,BIKAINTEK_EMBEDDING_ER_RQ1_2_2_25_3,COMPLETED,2025-07-14T14:01:07.556359Z,2025-07-14T14:01:08.035826Z
d5247b9b-76db-40a8-b5e6-97feb877666e,ising,Advantage_system4.1,BIKAINTEK_EMBEDDING_ER_RQ1_2_2_24_3,COMPLETED,2025-07-14T14:01:00.138322Z,2025-07-14T14:01:06.590093Z
ef9f99fd-e775-4531-b254-bdfa82fb8c5b,ising,Advantage_system4.1,BIKAINTEK_EMBEDDING_ER_RQ1_2_2_23_3,COMPLETED,2025-07-14T14:00:58.626631Z,2025-07-14T14:00:59.224486Z
0e901d53-2ba7-492b-9a71-54d50f1cc586,ising,Advantage_system4.1,BIKAINTEK_EMBEDDING_ER_RQ1_2_2_22_3,COMPLETED,2025-07-14T14:00:57.096887Z,2025-07-14T14:00:57.794839Z
4543b905-aecc-4632-89aa-0cc30945ea82,ising,Advantage_system4.1,BIKAINTEK_EMBEDDING_ER_RQ1_2_2_21_3,COMPLETED,2025-07-14T14:00:55.724033Z,2025-07-14T14:00:56.247843Z
46136353-38c8-4e93-888f-e817b1a0036c,ising,Advantage_system4.1,BIKAINTEK_EMBEDDING_ER_RQ1_2_2_20_3,COMPLETED,2025-07-14T14:00:54.009370Z,2025-07-14T14:00:54.618324Z
2d34b542-401d-479e-a9b1-1dd5180ad12b,ising,Advantage_system4.1,BIKAINTEK_EMBEDDING_ER_RQ1_2_2_19_3,COMPLETED,2025-07-14T14:00:52.451520Z,2025-07-14T14:00:52.953348Z
fbdf1b51-2c56-4e9d-8797-520c5c4ddc5b,ising,Advantage_system4.1,BIKAINTEK_EMBEDDING_ER_RQ1_2_2_18_3,COMPLETED,2025-07-14T14:00:51.010192Z,2025-07-14T14:00:51.505169Z
b9db09ae-4fc2-4b10-8d63-38970bac4c09,ising,Advantage_system4.1,BIKAINTEK_EMBEDDING_ER_RQ1_2_2_17_3,COMPLETED,2025-07-14T14:00:49.531298Z,2025-07-14T14:00:50.039108Z
d2babd13-afb2-46a4-a846-f51f30e64c03,ising,Advantage_system4.1,BIKAINTEK_EMBEDDING_ER_RQ1_2_2_16_3,COMPLETED,2025-07-14T14:00:48.064555Z,2025-07-14T14:00:48.644372Z
2872d57a-95e0-4328-9e0c-d2d3845cb143,ising,Advantage_system4.1,BIKAINTEK_EMBEDDING_ER_RQ1_2_2_15_3,COMPLETED,2025-07-14T14:00:46.557814Z,2025-07-14T14:00:47.104204Z
3d3ca7dc-8d7d-4bf0-85d7-dde600fb26b4,ising,Advantage_system4.1,BIKAINTEK_EMBEDDING_ER_RQ1_2_2_14_3,COMPLETED,2025-07-14T14:00:44.990100Z,2025-07-14T14:00:45.522440Z
935be2d4-d35f-4d32-9ba0-54ee3b77f1b8,ising,Advantage_system4.1,BIKAINTEK_EMBEDDING_ER_RQ1_2_2_13_3,COMPLETED,2025-07-14T14:00:43.620959Z,2025-07-14T14:00:44.119131Z
a12f9ed8-1fde-454b-af93-83535a6c4631,ising,Advantage_system4.1,BIKAINTEK_EMBEDDING_ER_RQ1_2_2_12_3,COMPLETED,2025-07-14T14:00:42.172630Z,2025-07-14T14:00:42.662464Z
2e2acc04-680a-42e9-877f-8b00b3e1d6e2,ising,Advantage_system4.1,BIKAINTEK_EMBEDDING_ER_RQ1_2_2_11_3,COMPLETED,2025-07-14T14:00:40.792574Z,2025-07-14T14:00:41.280424Z
38e5fef8-216a-4c01-b961-d5cd8316f51c,ising,Advantage_system4.1,BIKAINTEK_EMBEDDING_ER_RQ1_2_2_10_3,COMPLETED,2025-07-14T14:00:39.462790Z,2025-07-14T14:00:39.959818Z
0065a8ad-8dea-4cb5-962b-cf4b67041eef,ising,Advantage_system4.1,BIKAINTEK_EMBEDDING_ER_RQ1_2_2_9_3,COMPLETED,2025-07-14T14:00:37.857325Z,2025-07-14T14:00:38.349354Z
5545c6d2-e3a4-4c69-9521-06b58525b782,ising,Advantage_system4.1,BIKAINTEK_EMBEDDING_ER_RQ1_2_2_8_3,COMPLETED,2025-07-14T14:00:36.485148Z,2025-07-14T14:00:37.036447Z
983f967f-bbdd-4280-8bfd-1dd50cfc70c3,ising,Advantage_system4.1,BIKAINTEK_EMBEDDING_ER_RQ1_2_2_7_3,COMPLETED,2025-07-14T14:00:34.982319Z,2025-07-14T14:00:35.561453Z
3060a47f-6cce-427c-9831-bdeff0e0a10d,ising,Advantage_system4.1,BIKAINTEK_EMBEDDING_ER_RQ1_2_2_6_3,COMPLETED,2025-07-14T14:00:33.396136Z,2025-07-14T14:00:33.943016Z
6882678f-d6c2-4958-8712-d1e4e37ee0bc,ising,Advantage_system4.1,BIKAINTEK_EMBEDDING_ER_RQ1_2_2_5_3,COMPLETED,2025-07-14T14:00:31.887783Z,2025-07-14T14:00:32.483051Z
bc41353a-8813-426e-89a0-560d96e20fce,ising,Advantage_system4.1,BIKAINTEK_EMBEDDING_ER_RQ1_2_2_4_3,COMPLETED,2025-07-14T14:00:30.073178Z,2025-07-14T14:00:30.596940Z
ff7a5b8d-d229-44fd-a653-4fb0596f8476,ising,Advantage_system4.1,BIKAINTEK_EMBEDDING_ER_RQ1_2_2_3_3,COMPLETED,2025-07-14T14:00:28.428551Z,2025-07-14T14:00:29.032630Z
ab3980f9-7807-428d-b72d-49f5ee50295f,ising,Advantage_system4.1,BIKAINTEK_EMBEDDING_ER_RQ1_2_2_2_3,COMPLETED,2025-07-14T14:00:26.980348Z,2025-07-14T14:00:27.500703Z
4d135f12-9349-480a-8f34-288b6ad9fcf4,ising,Advantage_system4.1,BIKAINTEK_EMBEDDING_ER_RQ1_2_2_1_3,COMPLETED,2025-07-14T14:00:25.730815Z,2025-07-14T14:00:26.222778Z
a29c7bf3-6c3c-40ad-a618-7323c50e3d06,ising,Advantage_system4.1,BIKAINTEK_EMBEDDING_ER_RQ1_2_2_0_3,COMPLETED,2025-07-14T14:00:24.181948Z,2025-07-14T14:00:24.714526Z
6eed4a96-40b2-4bf9-bf93-caea17ae6dd0,ising,Advantage_system4.1,BIKAINTEK_EMBEDDING_ER_RQ1_2_1_99_3,COMPLETED,2025-07-14T14:00:22.816692Z,2025-07-14T14:00:23.327797Z
9a4735c7-0037-4267-9e02-dc304ffb4b26,ising,Advantage_system4.1,BIKAINTEK_EMBEDDING_ER_RQ1_2_1_98_3,COMPLETED,2025-07-14T14:00:21.276092Z,2025-07-14T14:00:21.757350Z
7c3d92b7-ce4a-4dc4-bc64-d2df279c3113,ising,Advantage_system4.1,BIKAINTEK_EMBEDDING_ER_RQ1_2_1_97_3,COMPLETED,2025-07-14T14:00:19.990567Z,2025-07-14T14:00:20.493978Z
c91b84d7-3f92-4cd4-98a0-c505ae2f7816,ising,Advantage_system4.1,BIKAINTEK_EMBEDDING_ER_RQ1_2_1_96_3,COMPLETED,2025-07-14T14:00:16.006619Z,2025-07-14T14:00:16.507605Z
a701cf3b-8932-42ed-aa78-303c2e9d861f,ising,Advantage_system4.1,BIKAINTEK_EMBEDDING_ER_RQ1_2_1_95_3,COMPLETED,2025-07-14T14:00:14.538151Z,2025-07-14T14:00:15.007369Z
529c49f4-6ab0-4c03-a6d5-5ac0c9083db7,ising,Advantage_system4.1,BIKAINTEK_EMBEDDING_ER_RQ1_2_1_94_3,COMPLETED,2025-07-14T14:00:13.046811Z,2025-07-14T14:00:13.587580Z
4480396c-6b6b-4521-8b25-d60b69b161e0,ising,Advantage_system4.1,BIKAINTEK_EMBEDDING_ER_RQ1_2_1_93_3,COMPLETED,2025-07-14T14:00:11.199812Z,2025-07-14T14:00:11.684078Z
1fa3b3d1-3694-4b61-a932-5137ccef1eef,ising,Advantage_system4.1,BIKAINTEK_EMBEDDING_ER_RQ1_2_1_92_3,COMPLETED,2025-07-14T14:00:09.732410Z,2025-07-14T14:00:10.257871Z
e5c57386-06ba-43ec-b125-ae7bc8ff230d,ising,Advantage_system4.1,BIKAINTEK_EMBEDDING_ER_RQ1_2_1_91_3,COMPLETED,2025-07-14T14:00:08.110225Z,2025-07-14T14:00:08.600037Z
a0c8ae08-2778-4a61-920b-56dbffd12953,ising,Advantage_system4.1,BIKAINTEK_EMBEDDING_ER_RQ1_2_1_90_3,COMPLETED,2025-07-14T14:00:06.733573Z,2025-07-14T14:00:07.216162Z
8603e7be-da21-49de-a3ae-f947f40971dd,ising,Advantage_system4.1,BIKAINTEK_EMBEDDING_ER_RQ1_2_1_89_3,COMPLETED,2025-07-14T14:00:05.392784Z,2025-07-14T14:00:05.907836Z
60a2a9e3-6c17-45b0-9bb1-292bd910e93d,ising,Advantage_system4.1,BIKAINTEK_EMBEDDING_ER_RQ1_2_1_88_3,COMPLETED,2025-07-14T14:00:03.951256Z,2025-07-14T14:00:04.419690Z
32bf81fd-23b8-4fc4-9d8d-50f1449346b9,ising,Advantage_system4.1,BIKAINTEK_EMBEDDING_ER_RQ1_2_1_87_3,COMPLETED,2025-07-14T14:00:02.532193Z,2025-07-14T14:00:03.147329Z
3804a9c7-9853-44da-a40d-c5de4f1926fb,ising,Advantage_system4.1,BIKAINTEK_EMBEDDING_ER_RQ1_2_1_86_3,COMPLETED,2025-07-14T14:00:01.072259Z,2025-07-14T14:00:01.588848Z
9e54921a-e705-4966-b8d1-53c7f2c81d18,ising,Advantage_system4.1,BIKAINTEK_EMBEDDING_ER_RQ1_2_1_85_3,COMPLETED,2025-07-14T13:59:59.675405Z,2025-07-14T14:00:00.210684Z
3a8266af-bae2-4e91-bc6c-07d35178a2c7,ising,Advantage_system4.1,BIKAINTEK_EMBEDDING_ER_RQ1_2_1_84_3,COMPLETED,2025-07-14T13:59:58.349177Z,2025-07-14T13:59:58.807353Z
0c3647e8-416f-4a38-9241-ea3a304e09e6,ising,Advantage_system4.1,BIKAINTEK_EMBEDDING_ER_RQ1_2_1_83_3,COMPLETED,2025-07-14T13:59:57.059705Z,2025-07-14T13:59:57.565335Z
6cae816a-6338-4e44-ba2b-282e239c3b3b,ising,Advantage_system4.1,BIKAINTEK_EMBEDDING_ER_RQ1_2_1_82_3,COMPLETED,2025-07-14T13:59:55.697763Z,2025-07-14T13:59:56.166864Z
a9a52482-b64e-4305-ad38-b40b1ff11740,ising,Advantage_system4.1,BIKAINTEK_EMBEDDING_ER_RQ1_2_1_81_3,COMPLETED,2025-07-14T13:59:54.421218Z,2025-07-14T13:59:54.923058Z
4053385d-28ea-4509-b26e-53932d0c2840,ising,Advantage_system4.1,BIKAINTEK_EMBEDDING_ER_RQ1_2_1_80_3,COMPLETED,2025-07-14T13:59:52.877441Z,2025-07-14T13:59:53.421462Z
777db642-f7f7-4da9-be81-bde5ebad6f22,ising,Advantage_system4.1,BIKAINTEK_EMBEDDING_ER_RQ1_2_1_79_3,COMPLETED,2025-07-14T13:59:51.588521Z,2025-07-14T13:59:52.093377Z
eacaeb9b-7c5f-4b02-99b0-be762bd2c13d,ising,Advantage_system4.1,BIKAINTEK_EMBEDDING_ER_RQ1_2_1_78_3,COMPLETED,2025-07-14T13:59:50.306069Z,2025-07-14T13:59:50.801334Z
c8f7f648-8d0c-4bb3-9e4b-b4ac88dab7ea,ising,Advantage_system4.1,BIKAINTEK_EMBEDDING_ER_RQ1_2_1_77_3,COMPLETED,2025-07-14T13:59:48.944464Z,2025-07-14T13:59:49.406833Z
7196f557-30df-422b-bd5c-378eb497dc9f,ising,Advantage_system4.1,BIKAINTEK_EMBEDDING_ER_RQ1_2_1_76_3,COMPLETED,2025-07-14T13:59:47.718226Z,2025-07-14T13:59:48.181021Z
3eba39b5-3cd5-4026-b46d-565ff30a84f1,ising,Advantage_system4.1,BIKAINTEK_EMBEDDING_ER_RQ1_2_1_75_3,COMPLETED,2025-07-14T13:59:46.417924Z,2025-07-14T13:59:46.940582Z
2ef374ad-d1cd-48f8-b8c6-8c5885aee7dd,ising,Advantage_system4.1,BIKAINTEK_EMBEDDING_ER_RQ1_2_1_74_3,COMPLETED,2025-07-14T13:59:45.032606Z,2025-07-14T13:59:45.513745Z
20c9586a-70dd-48c1-b808-161d043cb2a6,ising,Advantage_system4.1,BIKAINTEK_EMBEDDING_ER_RQ1_2_1_73_3,COMPLETED,2025-07-14T13:59:43.797282Z,2025-07-14T13:59:44.252486Z
72c5b36b-7b61-4e81-bead-a4fdf9571a40,ising,Advantage_system4.1,BIKAINTEK_EMBEDDING_ER_RQ1_2_1_72_3,COMPLETED,2025-07-14T13:59:42.559860Z,2025-07-14T13:59:43.018731Z
23f734f1-7620-4e25-a375-37326efa2f70,ising,Advantage_system4.1,BIKAINTEK_EMBEDDING_ER_RQ1_2_1_71_3,COMPLETED,2025-07-14T13:59:41.220204Z,2025-07-14T13:59:41.663782Z
26bd70c5-8eb4-4e05-9b36-c75e40c2447c,ising,Advantage_system4.1,BIKAINTEK_EMBEDDING_ER_RQ1_2_1_70_3,COMPLETED,2025-07-14T13:59:39.901873Z,2025-07-14T13:59:40.403009Z
22c8c1ec-7958-4e83-ab1e-efe98cdb399c,ising,Advantage_system4.1,BIKAINTEK_EMBEDDING_ER_RQ1_2_1_69_3,COMPLETED,2025-07-14T13:59:38.647517Z,2025-07-14T13:59:39.119084Z
708831fe-fc49-4ded-b0f8-0970c422e63f,ising,Advantage_system4.1,BIKAINTEK_EMBEDDING_ER_RQ1_2_1_68_3,COMPLETED,2025-07-14T13:59:37.276069Z,2025-07-14T13:59:37.746717Z
05a24e3d-e196-48eb-8097-24b775d29fbe,ising,Advantage_system4.1,BIKAINTEK_EMBEDDING_ER_RQ1_2_1_67_3,COMPLETED,2025-07-14T13:59:35.985750Z,2025-07-14T13:59:36.478331Z
c28492f9-a1fe-40a0-af78-f3b8bc6a250d,ising,Advantage_system4.1,BIKAINTEK_EMBEDDING_ER_RQ1_2_1_66_3,COMPLETED,2025-07-14T13:59:34.722128Z,2025-07-14T13:59:35.202608Z
b1d943b0-ce7a-4f3c-8bf0-9020c35923ae,ising,Advantage_system4.1,BIKAINTEK_EMBEDDING_ER_RQ1_2_1_65_3,COMPLETED,2025-07-14T13:59:33.295209Z,2025-07-14T13:59:33.849043Z
c22f7f06-58ba-4b64-83b0-23716f18a7f3,ising,Advantage_system4.1,BIKAINTEK_EMBEDDING_ER_RQ1_2_1_64_3,COMPLETED,2025-07-14T13:59:32.028905Z,2025-07-14T13:59:32.504925Z
3afc1321-4ef7-40e0-8515-8a9072c39707,ising,Advantage_system4.1,BIKAINTEK_EMBEDDING_ER_RQ1_2_1_63_3,COMPLETED,2025-07-14T13:59:30.714880Z,2025-07-14T13:59:31.200547Z
c639ff30-f6ea-4e14-bbd5-7315b721fc84,ising,Advantage_system4.1,BIKAINTEK_EMBEDDING_ER_RQ1_2_1_62_3,COMPLETED,2025-07-14T13:59:29.289984Z,2025-07-14T13:59:29.782982Z
ff93a9e3-0d5d-490f-b050-16f1170319df,ising,Advantage_system4.1,BIKAINTEK_EMBEDDING_ER_RQ1_2_1_61_3,COMPLETED,2025-07-14T13:59:27.988065Z,2025-07-14T13:59:28.486800Z
abf81150-9231-419d-a3c1-f51a5727d483,ising,Advantage_system4.1,BIKAINTEK_EMBEDDING_ER_RQ1_2_1_60_3,COMPLETED,2025-07-14T13:59:26.701363Z,2025-07-14T13:59:27.186779Z
ba95c86b-c6d1-48b4-be5a-7f2b46b63023,ising,Advantage_system4.1,BIKAINTEK_EMBEDDING_ER_RQ1_2_1_59_3,COMPLETED,2025-07-14T13:59:25.241713Z,2025-07-14T13:59:25.790021Z
baf43993-ed35-40fb-a622-1e0c2591a19d,ising,Advantage_system4.1,BIKAINTEK_EMBEDDING_ER_RQ1_2_1_58_3,COMPLETED,2025-07-14T13:59:23.982676Z,2025-07-14T13:59:24.468466Z
4e226920-396b-46ae-bfd7-f7e1a65c4668,ising,Advantage_system4.1,BIKAINTEK_EMBEDDING_ER_RQ1_2_1_57_3,COMPLETED,2025-07-14T13:59:22.636520Z,2025-07-14T13:59:23.125796Z
a322530a-e1e5-41aa-b1a3-d3bd1fbb3ec3,ising,Advantage_system4.1,BIKAINTEK_EMBEDDING_ER_RQ1_2_1_56_3,COMPLETED,2025-07-14T13:59:21.230555Z,2025-07-14T13:59:21.741065Z
03763024-adad-4a45-85c2-96f471996a70,ising,Advantage_system4.1,BIKAINTEK_EMBEDDING_ER_RQ1_2_1_55_3,COMPLETED,2025-07-14T13:59:19.971280Z,2025-07-14T13:59:20.439291Z
3b3114a0-9911-4a5e-8ab6-091a88a539c9,ising,Advantage_system4.1,BIKAINTEK_EMBEDDING_ER_RQ1_2_1_54_3,COMPLETED,2025-07-14T13:59:18.606707Z,2025-07-14T13:59:19.127709Z
d8a4b3c0-320d-4ac2-9976-7b804b9c5116,ising,Advantage_system4.1,BIKAINTEK_EMBEDDING_ER_RQ1_2_1_53_3,COMPLETED,2025-07-14T13:59:17.132134Z,2025-07-14T13:59:17.634474Z
968ba357-d43c-4ba0-b93f-a774d81f54a3,ising,Advantage_system4.1,BIKAINTEK_EMBEDDING_ER_RQ1_2_1_52_3,COMPLETED,2025-07-14T13:59:15.812453Z,2025-07-14T13:59:16.320780Z
ac7bcdae-91bf-4127-8ff4-c166ee293a30,ising,Advantage_system4.1,BIKAINTEK_EMBEDDING_ER_RQ1_2_1_51_3,COMPLETED,2025-07-14T13:59:14.499944Z,2025-07-14T13:59:14.987486Z
71820080-b277-4c1b-b72d-8d7faa3a65a2,ising,Advantage_system4.1,BIKAINTEK_EMBEDDING_ER_RQ1_2_1_50_3,COMPLETED,2025-07-14T13:59:13.076901Z,2025-07-14T13:59:13.565370Z
fe5c63d7-1ae6-44ac-8092-9759501045a5,ising,Advantage_system4.1,BIKAINTEK_EMBEDDING_ER_RQ1_2_1_49_3,COMPLETED,2025-07-14T13:59:11.814112Z,2025-07-14T13:59:12.311009Z
f6b1adf6-8513-450e-b0e5-cf10b1d386eb,ising,Advantage_system4.1,BIKAINTEK_EMBEDDING_ER_RQ1_2_1_48_3,COMPLETED,2025-07-14T13:59:10.490994Z,2025-07-14T13:59:10.984736Z
47dfe0ed-de36-48ab-a61d-9eec126c52c0,ising,Advantage_system4.1,BIKAINTEK_EMBEDDING_ER_RQ1_2_1_47_3,COMPLETED,2025-07-14T13:59:09.042273Z,2025-07-14T13:59:09.531617Z
a99b65bb-f63b-43b3-aa9a-940d36b30806,ising,Advantage_system4.1,BIKAINTEK_EMBEDDING_ER_RQ1_2_1_46_3,COMPLETED,2025-07-14T13:59:07.749061Z,2025-07-14T13:59:08.237619Z
ddba6545-c41e-4776-8c10-19a7c8655622,ising,Advantage_system4.1,BIKAINTEK_EMBEDDING_ER_RQ1_2_1_45_3,COMPLETED,2025-07-14T13:59:06.413614Z,2025-07-14T13:59:06.934294Z
24fae408-524d-4fc9-bffd-7e1811c5fa08,ising,Advantage_system4.1,BIKAINTEK_EMBEDDING_ER_RQ1_2_1_44_3,COMPLETED,2025-07-14T13:59:05.020105Z,2025-07-14T13:59:05.506305Z
666181ea-fbeb-4b8f-a15d-3ef18cba24b2,ising,Advantage_system4.1,BIKAINTEK_EMBEDDING_ER_RQ1_2_1_43_3,COMPLETED,2025-07-14T13:59:03.729349Z,2025-07-14T13:59:04.216923Z
b8bd2466-d02b-4fb1-8deb-513a69e985cf,ising,Advantage_system4.1,BIKAINTEK_EMBEDDING_ER_RQ1_2_1_42_3,COMPLETED,2025-07-14T13:59:02.432372Z,2025-07-14T13:59:02.922040Z
23f468ac-b9fb-49fb-815d-7cc0e21fa4d1,ising,Advantage_system4.1,BIKAINTEK_EMBEDDING_ER_RQ1_2_1_41_3,COMPLETED,2025-07-14T13:59:01.032747Z,2025-07-14T13:59:01.532904Z
d4e7c6ae-2273-4f15-9ccb-ea840bf4803a,ising,Advantage_system4.1,BIKAINTEK_EMBEDDING_ER_RQ1_2_1_40_3,COMPLETED,2025-07-14T13:58:59.797352Z,2025-07-14T13:59:00.274002Z
f03ec5b5-7964-4ac3-8273-cfc671e71db8,ising,Advantage_system4.1,BIKAINTEK_EMBEDDING_ER_RQ1_2_1_39_3,COMPLETED,2025-07-14T13:58:58.426342Z,2025-07-14T13:58:58.990866Z
a21e857a-f29a-4db4-88c5-99d7b9b0a646,ising,Advantage_system4.1,BIKAINTEK_EMBEDDING_ER_RQ1_2_1_38_3,COMPLETED,2025-07-14T13:58:56.997117Z,2025-07-14T13:58:57.490329Z
a2b74504-e3f7-425d-90b6-688a461e65e4,ising,Advantage_system4.1,BIKAINTEK_EMBEDDING_ER_RQ1_2_1_37_3,COMPLETED,2025-07-14T13:58:55.576454Z,2025-07-14T13:58:56.103612Z
fa913593-0f99-40d0-9697-a44697bead72,ising,Advantage_system4.1,BIKAINTEK_EMBEDDING_ER_RQ1_2_1_36_3,COMPLETED,2025-07-14T13:58:54.255412Z,2025-07-14T13:58:54.744516Z
b11953b2-5d71-46d7-b651-175c9bdec5c7,ising,Advantage_system4.1,BIKAINTEK_EMBEDDING_ER_RQ1_2_1_35_3,COMPLETED,2025-07-14T13:58:52.866059Z,2025-07-14T13:58:53.355054Z
4a5d5512-67ca-4f03-953e-fafdad588f99,ising,Advantage_system4.1,BIKAINTEK_EMBEDDING_ER_RQ1_2_1_34_3,COMPLETED,2025-07-14T13:58:51.587086Z,2025-07-14T13:58:52.064056Z
8e122528-5bf8-4e66-924b-31438ea0d09a,ising,Advantage_system4.1,BIKAINTEK_EMBEDDING_ER_RQ1_2_1_33_3,COMPLETED,2025-07-14T13:58:50.169538Z,2025-07-14T13:58:50.669825Z
15593173-782a-428e-b131-b2744021c605,ising,Advantage_system4.1,BIKAINTEK_EMBEDDING_ER_RQ1_2_1_32_3,COMPLETED,2025-07-14T13:58:48.853133Z,2025-07-14T13:58:49.347157Z
0c5a4642-f08c-494e-bfbe-813125770640,ising,Advantage_system4.1,BIKAINTEK_EMBEDDING_ER_RQ1_2_1_31_3,COMPLETED,2025-07-14T13:58:47.578589Z,2025-07-14T13:58:48.056911Z
71789ebc-999d-4d03-b084-5bda88526271,ising,Advantage_system4.1,BIKAINTEK_EMBEDDING_ER_RQ1_2_1_30_3,COMPLETED,2025-07-14T13:58:46.268227Z,2025-07-14T13:58:46.743092Z
dea909ad-1e9e-45d9-83ff-7a1da72fcc5a,ising,Advantage_system4.1,BIKAINTEK_EMBEDDING_ER_RQ1_2_1_29_3,COMPLETED,2025-07-14T13:58:44.768773Z,2025-07-14T13:58:45.267957Z
65337a86-a7b6-43a6-a907-0e14d03c71ab,ising,Advantage_system4.1,BIKAINTEK_EMBEDDING_ER_RQ1_2_1_28_3,COMPLETED,2025-07-14T13:58:43.272737Z,2025-07-14T13:58:43.827594Z
cf07795a-5982-4619-85fe-dfe9d1111a91,ising,Advantage_system4.1,BIKAINTEK_EMBEDDING_ER_RQ1_2_1_27_3,COMPLETED,2025-07-14T13:58:41.950476Z,2025-07-14T13:58:42.453826Z
ffb221a0-c28a-4e20-af53-f576f7b825a4,ising,Advantage_system4.1,BIKAINTEK_EMBEDDING_ER_RQ1_2_1_26_3,COMPLETED,2025-07-14T13:58:40.487754Z,2025-07-14T13:58:40.981529Z
82c01c7e-aeaf-464e-9f1b-ef92b0b5ed57,ising,Advantage_system4.1,BIKAINTEK_EMBEDDING_ER_RQ1_2_1_25_3,COMPLETED,2025-07-14T13:58:39.132514Z,2025-07-14T13:58:39.638512Z
bb1379f9-7616-4154-958a-2029a7e9614b,ising,Advantage_system4.1,BIKAINTEK_EMBEDDING_ER_RQ1_2_1_24_3,COMPLETED,2025-07-14T13:58:37.767932Z,2025-07-14T13:58:38.270168Z
cd12c3b9-078b-411d-98d0-f792f9c04d11,ising,Advantage_system4.1,BIKAINTEK_EMBEDDING_ER_RQ1_2_1_23_3,COMPLETED,2025-07-14T13:58:36.380275Z,2025-07-14T13:58:36.849501Z
b0bc4bfb-a26c-4ed4-8091-9bd1415593dd,ising,Advantage_system4.1,BIKAINTEK_EMBEDDING_ER_RQ1_2_1_22_3,COMPLETED,2025-07-14T13:58:35.097303Z,2025-07-14T13:58:35.580914Z
6f882b11-e76d-4886-aeed-c51ffc9a834c,ising,Advantage_system4.1,BIKAINTEK_EMBEDDING_ER_RQ1_2_1_21_3,COMPLETED,2025-07-14T13:58:33.638803Z,2025-07-14T13:58:34.156008Z
eb787875-37f0-4d3c-b679-e29b85c84920,ising,Advantage_system4.1,BIKAINTEK_EMBEDDING_ER_RQ1_2_1_20_3,COMPLETED,2025-07-14T13:58:32.340337Z,2025-07-14T13:58:32.848376Z
9eaa56e7-455f-4e6d-a26d-7854079e1b64,ising,Advantage_system4.1,BIKAINTEK_EMBEDDING_ER_RQ1_2_1_19_3,COMPLETED,2025-07-14T13:58:31.021126Z,2025-07-14T13:58:31.519951Z
d99e7308-fe4d-4f4b-bbaf-e3ab0b1db588,ising,Advantage_system4.1,BIKAINTEK_EMBEDDING_ER_RQ1_2_1_18_3,COMPLETED,2025-07-14T13:58:29.631850Z,2025-07-14T13:58:30.182714Z
cf524ba1-758a-49ef-a00d-e1ca06e8c0d8,ising,Advantage_system4.1,BIKAINTEK_EMBEDDING_ER_RQ1_2_1_17_3,COMPLETED,2025-07-14T13:58:28.190706Z,2025-07-14T13:58:28.703583Z
d9e73152-0c7a-470f-ba0b-e99e07eef5db,ising,Advantage_system4.1,BIKAINTEK_EMBEDDING_ER_RQ1_2_1_16_3,COMPLETED,2025-07-14T13:58:26.811656Z,2025-07-14T13:58:27.384206Z
5b31e82b-992d-4193-bd9a-6b41cb12cdb4,ising,Advantage_system4.1,BIKAINTEK_EMBEDDING_ER_RQ1_2_1_15_3,COMPLETED,2025-07-14T13:58:25.450988Z,2025-07-14T13:58:25.960484Z
c460ab33-d488-4e19-be8e-cf8691c8db33,ising,Advantage_system4.1,BIKAINTEK_EMBEDDING_ER_RQ1_2_1_14_3,COMPLETED,2025-07-14T13:58:23.994704Z,2025-07-14T13:58:24.486725Z
9374fcf0-bf99-46fc-9d1b-b3318bdb4354,ising,Advantage_system4.1,BIKAINTEK_EMBEDDING_ER_RQ1_2_1_13_3,COMPLETED,2025-07-14T13:58:22.598616Z,2025-07-14T13:58:23.116872Z
ef33baab-a5d5-4b44-83b3-d83ec6a0bf1e,ising,Advantage_system4.1,BIKAINTEK_EMBEDDING_ER_RQ1_2_1_12_3,COMPLETED,2025-07-14T13:58:21.245506Z,2025-07-14T13:58:21.755798Z
c124ac9e-d9bd-436e-a955-73c254702368,ising,Advantage_system4.1,BIKAINTEK_EMBEDDING_ER_RQ1_2_1_11_3,COMPLETED,2025-07-14T13:58:19.796659Z,2025-07-14T13:58:20.282127Z
6a2d28fb-f10a-4867-8e7e-0201079648e4,ising,Advantage_system4.1,BIKAINTEK_EMBEDDING_ER_RQ1_2_1_10_3,COMPLETED,2025-07-14T13:58:18.479523Z,2025-07-14T13:58:18.968780Z
e46cb0d7-e96b-4df8-9488-3fc0b9852150,ising,Advantage_system4.1,BIKAINTEK_EMBEDDING_ER_RQ1_2_1_9_3,COMPLETED,2025-07-14T13:58:17.120750Z,2025-07-14T13:58:17.625262Z
c56e6d2f-e1e4-42e9-b799-6a2a76d48c3e,ising,Advantage_system4.1,BIKAINTEK_EMBEDDING_ER_RQ1_2_1_8_3,COMPLETED,2025-07-14T13:58:15.606911Z,2025-07-14T13:58:16.089474Z
09cedf0b-f842-40ee-aa9b-5acc9cca8c65,ising,Advantage_system4.1,BIKAINTEK_EMBEDDING_ER_RQ1_2_1_7_3,COMPLETED,2025-07-14T13:58:14.150011Z,2025-07-14T13:58:14.680207Z
20b51661-647f-4cad-9341-7f9ac787046e,ising,Advantage_system4.1,BIKAINTEK_EMBEDDING_ER_RQ1_2_1_6_3,COMPLETED,2025-07-14T13:58:12.609701Z,2025-07-14T13:58:13.122921Z
14398d57-7c2e-45ce-a4e2-70d845f078a3,ising,Advantage_system4.1,BIKAINTEK_EMBEDDING_ER_RQ1_2_1_5_3,COMPLETED,2025-07-14T13:58:11.196430Z,2025-07-14T13:58:11.713754Z
2fd9d875-10ce-4915-b12f-1ae4532d7476,ising,Advantage_system4.1,BIKAINTEK_EMBEDDING_ER_RQ1_2_1_4_3,COMPLETED,2025-07-14T13:58:09.612646Z,2025-07-14T13:58:10.121670Z
b1276145-6be3-441f-9231-0c01c455c483,ising,Advantage_system4.1,BIKAINTEK_EMBEDDING_ER_RQ1_2_1_3_3,COMPLETED,2025-07-14T13:58:08.186368Z,2025-07-14T13:58:08.703107Z
593e74da-9f21-4596-9b7b-bee445e4dcb0,ising,Advantage_system4.1,BIKAINTEK_EMBEDDING_ER_RQ1_2_1_2_3,COMPLETED,2025-07-14T13:58:06.421008Z,2025-07-14T13:58:06.968975Z
2915247f-100f-4a7c-9fc9-f3d1ef58c6b8,ising,Advantage_system4.1,BIKAINTEK_EMBEDDING_ER_RQ1_2_1_1_3,COMPLETED,2025-07-14T13:58:04.950521Z,2025-07-14T13:58:05.482706Z
f0141f5d-985d-44d5-ad7d-8116eb94d599,ising,Advantage_system4.1,BIKAINTEK_EMBEDDING_ER_RQ1_2_1_0_3,COMPLETED,2025-07-14T13:58:03.372100Z,2025-07-14T13:58:03.890578Z
6c055b77-5506-4154-be68-a52ae712dfde,ising,Advantage_system4.1,BIKAINTEK_EMBEDDING_ER_RQ1_2_0_99_3,COMPLETED,2025-07-14T13:58:02.073342Z,2025-07-14T13:58:02.545034Z
086a3451-523a-4ada-af44-6746bfe9c3dc,ising,Advantage_system4.1,BIKAINTEK_EMBEDDING_ER_RQ1_2_0_98_3,COMPLETED,2025-07-14T13:58:00.806974Z,2025-07-14T13:58:01.313000Z
dae4cb85-a9c2-446e-a6e7-3e84d19c41e8,ising,Advantage_system4.1,BIKAINTEK_EMBEDDING_ER_RQ1_2_0_97_3,COMPLETED,2025-07-14T13:57:59.417865Z,2025-07-14T13:57:59.909171Z
f6337a90-11b4-458c-b382-81d1c80e603e,ising,Advantage_system4.1,BIKAINTEK_EMBEDDING_ER_RQ1_2_0_96_3,COMPLETED,2025-07-14T13:57:58.203864Z,2025-07-14T13:57:58.669101Z
76afc77e-81fc-4f4c-ab75-51800d0b5ffb,ising,Advantage_system4.1,BIKAINTEK_EMBEDDING_ER_RQ1_2_0_95_3,COMPLETED,2025-07-14T13:57:56.968223Z,2025-07-14T13:57:57.433743Z
244e8b42-a34a-43fc-a8b3-fb31e81d0b89,ising,Advantage_system4.1,BIKAINTEK_EMBEDDING_ER_RQ1_2_0_94_3,COMPLETED,2025-07-14T13:57:55.593047Z,2025-07-14T13:57:56.077441Z
973eb5c4-831f-4ceb-8d35-182751e44171,ising,Advantage_system4.1,BIKAINTEK_EMBEDDING_ER_RQ1_2_0_93_3,COMPLETED,2025-07-14T13:57:54.273335Z,2025-07-14T13:57:54.800314Z
2cab3fc7-33b0-4d53-9e3b-a5a785b67fc2,ising,Advantage_system4.1,BIKAINTEK_EMBEDDING_ER_RQ1_2_0_92_3,COMPLETED,2025-07-14T13:57:53.024528Z,2025-07-14T13:57:53.500514Z
4b10dc82-fd6a-4713-bae2-763df7ba6463,ising,Advantage_system4.1,BIKAINTEK_EMBEDDING_ER_RQ1_2_0_91_3,COMPLETED,2025-07-14T13:57:51.668014Z,2025-07-14T13:57:52.144188Z
d0985bf3-50d0-42a3-876a-824076382a8c,ising,Advantage_system4.1,BIKAINTEK_EMBEDDING_ER_RQ1_2_0_90_3,COMPLETED,2025-07-14T13:57:50.422630Z,2025-07-14T13:57:50.884733Z
d3999c11-3aba-479a-a0ba-730ab4888c66,ising,Advantage_system4.1,BIKAINTEK_EMBEDDING_ER_RQ1_2_0_89_3,COMPLETED,2025-07-14T13:57:49.164097Z,2025-07-14T13:57:49.651651Z
2038c65a-00a7-48a1-85d3-38b6d4959228,ising,Advantage_system4.1,BIKAINTEK_EMBEDDING_ER_RQ1_2_0_88_3,COMPLETED,2025-07-14T13:57:47.784591Z,2025-07-14T13:57:48.260288Z
85d85253-b4dc-4604-9e2c-f2c3af3fb1e0,ising,Advantage_system4.1,BIKAINTEK_EMBEDDING_ER_RQ1_2_0_87_3,COMPLETED,2025-07-14T13:57:46.511262Z,2025-07-14T13:57:47.000938Z
b3bbf581-c18b-4ea9-9a58-1dc7f3b70e21,ising,Advantage_system4.1,BIKAINTEK_EMBEDDING_ER_RQ1_2_0_86_3,COMPLETED,2025-07-14T13:57:45.197044Z,2025-07-14T13:57:45.706533Z
e2ad8ab7-d001-459d-b95c-9ebb360924f5,ising,Advantage_system4.1,BIKAINTEK_EMBEDDING_ER_RQ1_2_0_85_3,COMPLETED,2025-07-14T13:57:43.774121Z,2025-07-14T13:57:44.243276Z
c26637cf-de64-4efa-86a4-5e378a56d1e7,ising,Advantage_system4.1,BIKAINTEK_EMBEDDING_ER_RQ1_2_0_84_3,COMPLETED,2025-07-14T13:57:42.449649Z,2025-07-14T13:57:42.948296Z
bd99bb8e-68dc-4f14-9906-4df99237d027,ising,Advantage_system4.1,BIKAINTEK_EMBEDDING_ER_RQ1_2_0_83_3,COMPLETED,2025-07-14T13:57:41.075740Z,2025-07-14T13:57:41.531697Z
859a6837-e8dc-41f5-a5c0-807cfc108480,ising,Advantage_system4.1,BIKAINTEK_EMBEDDING_ER_RQ1_2_0_82_3,COMPLETED,2025-07-14T13:57:39.648973Z,2025-07-14T13:57:40.133041Z
4e584338-71d7-4f7f-86c4-137f3db643b8,ising,Advantage_system4.1,BIKAINTEK_EMBEDDING_ER_RQ1_2_0_81_3,COMPLETED,2025-07-14T13:57:38.395228Z,2025-07-14T13:57:38.877018Z
5b314ad6-d94d-4525-a532-6328a050d377,ising,Advantage_system4.1,BIKAINTEK_EMBEDDING_ER_RQ1_2_0_80_3,COMPLETED,2025-07-14T13:57:37.186798Z,2025-07-14T13:57:37.648160Z
55847a40-449b-4ef7-8bda-33637000e095,ising,Advantage_system4.1,BIKAINTEK_EMBEDDING_ER_RQ1_2_0_79_3,COMPLETED,2025-07-14T13:57:35.802681Z,2025-07-14T13:57:36.289539Z
dc662b12-47b4-4fb4-ba76-699510cd59e7,ising,Advantage_system4.1,BIKAINTEK_EMBEDDING_ER_RQ1_2_0_78_3,COMPLETED,2025-07-14T13:57:34.535659Z,2025-07-14T13:57:35.023716Z
284a5025-4749-49c5-8cf7-6b5bc9fa481c,ising,Advantage_system4.1,BIKAINTEK_EMBEDDING_ER_RQ1_2_0_77_3,COMPLETED,2025-07-14T13:57:33.261434Z,2025-07-14T13:57:33.751534Z
761395b6-de48-4170-971e-ae79c2a7c3ce,ising,Advantage_system4.1,BIKAINTEK_EMBEDDING_ER_RQ1_2_0_76_3,COMPLETED,2025-07-14T13:57:31.877942Z,2025-07-14T13:57:32.362877Z
f38364af-6de0-4210-907a-8f4f47e91660,ising,Advantage_system4.1,BIKAINTEK_EMBEDDING_ER_RQ1_2_0_75_3,COMPLETED,2025-07-14T13:57:30.614274Z,2025-07-14T13:57:31.110192Z
78559627-74b7-47c4-abbb-daa39d5d3382,ising,Advantage_system4.1,BIKAINTEK_EMBEDDING_ER_RQ1_2_0_74_3,COMPLETED,2025-07-14T13:57:29.382336Z,2025-07-14T13:57:29.856577Z
00669490-b2a4-4c1b-b716-f5f83c6dbd1b,ising,Advantage_system4.1,BIKAINTEK_EMBEDDING_ER_RQ1_2_0_73_3,COMPLETED,2025-07-14T13:57:28.013927Z,2025-07-14T13:57:28.493746Z
bb6195bd-c8a9-48c8-9b68-38d2515df2c7,ising,Advantage_system4.1,BIKAINTEK_EMBEDDING_ER_RQ1_2_0_72_3,COMPLETED,2025-07-14T13:57:26.755560Z,2025-07-14T13:57:27.222889Z
ee5b24a4-a886-467e-a380-b889f5f13b40,ising,Advantage_system4.1,BIKAINTEK_EMBEDDING_ER_RQ1_2_0_71_3,COMPLETED,2025-07-14T13:57:25.473996Z,2025-07-14T13:57:25.962409Z
ff761c8b-a464-4db3-8270-325f3391edf2,ising,Advantage_system4.1,BIKAINTEK_EMBEDDING_ER_RQ1_2_0_70_3,COMPLETED,2025-07-14T13:57:24.045334Z,2025-07-14T13:57:24.560292Z
663295a2-9794-4b10-a160-fb9eee39582c,ising,Advantage_system4.1,BIKAINTEK_EMBEDDING_ER_RQ1_2_0_69_3,COMPLETED,2025-07-14T13:57:22.801666Z,2025-07-14T13:57:23.276610Z
d1697c78-81f7-4a1b-ad0a-0891968b757f,ising,Advantage_system4.1,BIKAINTEK_EMBEDDING_ER_RQ1_2_0_68_3,COMPLETED,2025-07-14T13:57:21.529538Z,2025-07-14T13:57:22.037471Z
028a4aa6-2fa0-4444-8c5b-c665b783da03,ising,Advantage_system4.1,BIKAINTEK_EMBEDDING_ER_RQ1_2_0_67_3,COMPLETED,2025-07-14T13:57:20.118516Z,2025-07-14T13:57:20.602290Z
5917f895-ea5b-46a4-a6d5-840965e96f1e,ising,Advantage_system4.1,BIKAINTEK_EMBEDDING_ER_RQ1_2_0_66_3,COMPLETED,2025-07-14T13:57:18.786450Z,2025-07-14T13:57:19.298748Z
d163780c-6d0b-4487-8590-541cfeb984f8,ising,Advantage_system4.1,BIKAINTEK_EMBEDDING_ER_RQ1_2_0_65_3,COMPLETED,2025-07-14T13:57:17.486984Z,2025-07-14T13:57:17.970066Z
0a83e2a6-46f7-4489-828f-d43b55c6f90a,ising,Advantage_system4.1,BIKAINTEK_EMBEDDING_ER_RQ1_2_0_64_3,COMPLETED,2025-07-14T13:57:16.070427Z,2025-07-14T13:57:16.573228Z
12e19f93-4ddd-4dff-86a9-c77d4416001c,ising,Advantage_system4.1,BIKAINTEK_EMBEDDING_ER_RQ1_2_0_63_3,COMPLETED,2025-07-14T13:57:14.774961Z,2025-07-14T13:57:15.255104Z
4f9d0ca0-7659-4369-8902-e554ced74884,ising,Advantage_system4.1,BIKAINTEK_EMBEDDING_ER_RQ1_2_0_62_3,COMPLETED,2025-07-14T13:57:13.450758Z,2025-07-14T13:57:13.931112Z
30533af0-021a-47df-a59d-f270aea0f5e3,ising,Advantage_system4.1,BIKAINTEK_EMBEDDING_ER_RQ1_2_0_61_3,COMPLETED,2025-07-14T13:57:11.986879Z,2025-07-14T13:57:12.549128Z
c18e4dd7-aa25-442c-8374-401d6d38fed0,ising,Advantage_system4.1,BIKAINTEK_EMBEDDING_ER_RQ1_2_0_60_3,COMPLETED,2025-07-14T13:57:10.760546Z,2025-07-14T13:57:11.222243Z
88e92350-ef70-4ace-9059-fb6e1d47313b,ising,Advantage_system4.1,BIKAINTEK_EMBEDDING_ER_RQ1_2_0_59_3,COMPLETED,2025-07-14T13:57:09.502204Z,2025-07-14T13:57:09.979286Z
32259b85-da47-4e06-a70f-cad5ebb1f67c,ising,Advantage_system4.1,BIKAINTEK_EMBEDDING_ER_RQ1_2_0_58_3,COMPLETED,2025-07-14T13:57:08.124549Z,2025-07-14T13:57:08.587058Z
f76eff8a-43ce-4275-8a54-215aa66a3d32,ising,Advantage_system4.1,BIKAINTEK_EMBEDDING_ER_RQ1_2_0_57_3,COMPLETED,2025-07-14T13:57:06.762477Z,2025-07-14T13:57:07.280612Z
2172ae18-89d7-4620-80db-5f09e5994a78,ising,Advantage_system4.1,BIKAINTEK_EMBEDDING_ER_RQ1_2_0_56_3,COMPLETED,2025-07-14T13:57:05.336209Z,2025-07-14T13:57:05.895892Z
a38a5257-fa94-4400-a659-590d1271bfae,ising,Advantage_system4.1,BIKAINTEK_EMBEDDING_ER_RQ1_2_0_55_3,COMPLETED,2025-07-14T13:57:03.867903Z,2025-07-14T13:57:04.352337Z
e7bdc8fc-63df-4a78-ac87-7c4467b9c365,ising,Advantage_system4.1,BIKAINTEK_EMBEDDING_ER_RQ1_2_0_54_3,COMPLETED,2025-07-14T13:57:02.557330Z,2025-07-14T13:57:03.036689Z
7a79de3a-8c8a-43a7-9b08-1a27f0f2bde7,ising,Advantage_system4.1,BIKAINTEK_EMBEDDING_ER_RQ1_2_0_53_3,COMPLETED,2025-07-14T13:57:01.206860Z,2025-07-14T13:57:01.690755Z
d75770fb-dea3-470e-8f48-44d5ef3367ab,ising,Advantage_system4.1,BIKAINTEK_EMBEDDING_ER_RQ1_2_0_52_3,COMPLETED,2025-07-14T13:56:59.716913Z,2025-07-14T13:57:00.197156Z
564bbe91-43f5-4e34-bfd7-bc717077e80c,ising,Advantage_system4.1,BIKAINTEK_EMBEDDING_ER_RQ1_2_0_51_3,COMPLETED,2025-07-14T13:56:58.390647Z,2025-07-14T13:56:58.894100Z
fe7f6139-d627-4659-9f45-874f5856f736,ising,Advantage_system4.1,BIKAINTEK_EMBEDDING_ER_RQ1_2_0_50_3,COMPLETED,2025-07-14T13:56:57.091680Z,2025-07-14T13:56:57.567808Z
4c67a53b-785b-4352-8a20-358c2b118aa0,ising,Advantage_system4.1,BIKAINTEK_EMBEDDING_ER_RQ1_2_0_49_3,COMPLETED,2025-07-14T13:56:55.072895Z,2025-07-14T13:56:55.562858Z
0a03d82f-c29a-4769-b8e1-cb36464fe476,ising,Advantage_system4.1,BIKAINTEK_EMBEDDING_ER_RQ1_2_0_48_3,COMPLETED,2025-07-14T13:56:53.750409Z,2025-07-14T13:56:54.272386Z
d6d64be7-b3aa-42ec-8123-607870221ac8,ising,Advantage_system4.1,BIKAINTEK_EMBEDDING_ER_RQ1_2_0_47_3,COMPLETED,2025-07-14T13:56:52.416740Z,2025-07-14T13:56:52.918791Z
8d63a09b-cb54-43de-b343-37d7dd362aee,ising,Advantage_system4.1,BIKAINTEK_EMBEDDING_ER_RQ1_2_0_46_3,COMPLETED,2025-07-14T13:56:47.735456Z,2025-07-14T13:56:48.225807Z
10b8dc2e-61ad-4be8-92ae-2b8ebf532e8b,ising,Advantage_system4.1,BIKAINTEK_EMBEDDING_ER_RQ1_2_0_45_3,COMPLETED,2025-07-14T13:56:46.452517Z,2025-07-14T13:56:46.948888Z
7613d95e-6f78-4d7b-b602-be09614a0e05,ising,Advantage_system4.1,BIKAINTEK_EMBEDDING_ER_RQ1_2_0_44_3,COMPLETED,2025-07-14T13:56:45.083245Z,2025-07-14T13:56:45.551912Z
94625f9e-c1b3-4ec0-ba2e-8f2d99077b96,ising,Advantage_system4.1,BIKAINTEK_EMBEDDING_ER_RQ1_2_0_43_3,COMPLETED,2025-07-14T13:56:43.752665Z,2025-07-14T13:56:44.289181Z
411bc40e-7e78-45b7-907e-e2db8d5aeae7,ising,Advantage_system4.1,BIKAINTEK_EMBEDDING_ER_RQ1_2_0_42_3,COMPLETED,2025-07-14T13:56:42.486180Z,2025-07-14T13:56:42.976030Z
84d5b6b3-7ba4-4ab5-9ff2-d35a4ac2c655,ising,Advantage_system4.1,BIKAINTEK_EMBEDDING_ER_RQ1_2_0_41_3,COMPLETED,2025-07-14T13:56:41.169201Z,2025-07-14T13:56:41.702296Z
61d20401-d46f-4f93-9e1a-2dc33984cad6,ising,Advantage_system4.1,BIKAINTEK_EMBEDDING_ER_RQ1_2_0_40_3,COMPLETED,2025-07-14T13:56:39.688457Z,2025-07-14T13:56:40.253649Z
b3143788-4e67-4839-8c99-79e321c7f851,ising,Advantage_system4.1,BIKAINTEK_EMBEDDING_ER_RQ1_2_0_39_3,COMPLETED,2025-07-14T13:56:38.412959Z,2025-07-14T13:56:38.915621Z
e107b0a6-6a26-4d24-a31d-de309e30fac0,ising,Advantage_system4.1,BIKAINTEK_EMBEDDING_ER_RQ1_2_0_38_3,COMPLETED,2025-07-14T13:56:37.085509Z,2025-07-14T13:56:37.586997Z
e164c93e-059e-4361-982c-5bfcbd6ed520,ising,Advantage_system4.1,BIKAINTEK_EMBEDDING_ER_RQ1_2_0_37_3,COMPLETED,2025-07-14T13:56:35.647234Z,2025-07-14T13:56:36.145063Z
98da7f62-0bfe-40ba-adfe-ee54a94164aa,ising,Advantage_system4.1,BIKAINTEK_EMBEDDING_ER_RQ1_2_0_36_3,COMPLETED,2025-07-14T13:56:34.307699Z,2025-07-14T13:56:34.798891Z
10dd485f-1018-41be-9941-726e14d3ffcf,ising,Advantage_system4.1,BIKAINTEK_EMBEDDING_ER_RQ1_2_0_35_3,COMPLETED,2025-07-14T13:56:32.866257Z,2025-07-14T13:56:33.347867Z
d9ea965c-38d7-4b5d-800f-27b1d7108cd1,ising,Advantage_system4.1,BIKAINTEK_EMBEDDING_ER_RQ1_2_0_34_3,COMPLETED,2025-07-14T13:56:31.432937Z,2025-07-14T13:56:32.064435Z
1a276699-8784-4b06-b426-6f3b41f9d123,ising,Advantage_system4.1,BIKAINTEK_EMBEDDING_ER_RQ1_2_0_33_3,COMPLETED,2025-07-14T13:56:30.115392Z,2025-07-14T13:56:30.636556Z
cf36ef36-c9ee-4c32-ac10-b979860fcda7,ising,Advantage_system4.1,BIKAINTEK_EMBEDDING_ER_RQ1_2_0_32_3,COMPLETED,2025-07-14T13:56:28.813525Z,2025-07-14T13:56:29.291163Z
05aa6326-1b93-41db-884e-e6e771c9e45c,ising,Advantage_system4.1,BIKAINTEK_EMBEDDING_ER_RQ1_2_0_31_3,COMPLETED,2025-07-14T13:56:27.331003Z,2025-07-14T13:56:27.859776Z
ed594a6d-11df-464e-beab-5be9553f7f69,ising,Advantage_system4.1,BIKAINTEK_EMBEDDING_ER_RQ1_2_0_30_3,COMPLETED,2025-07-14T13:56:26.012870Z,2025-07-14T13:56:26.524762Z
76bd0a3d-7e62-40d1-b451-0aa79706e9b6,ising,Advantage_system4.1,BIKAINTEK_EMBEDDING_ER_RQ1_2_0_29_3,COMPLETED,2025-07-14T13:56:24.483997Z,2025-07-14T13:56:24.986408Z
be6ff946-826a-490e-b6db-f87c145184e4,ising,Advantage_system4.1,BIKAINTEK_EMBEDDING_ER_RQ1_2_0_28_3,COMPLETED,2025-07-14T13:56:22.925809Z,2025-07-14T13:56:23.494916Z
c31adbf2-1f24-482b-ae1d-06d33d7f95bd,ising,Advantage_system4.1,BIKAINTEK_EMBEDDING_ER_RQ1_2_0_27_3,COMPLETED,2025-07-14T13:56:21.607838Z,2025-07-14T13:56:22.130684Z
abdcf821-3f88-4d54-acd4-35b75ef52348,ising,Advantage_system4.1,BIKAINTEK_EMBEDDING_ER_RQ1_2_0_26_3,COMPLETED,2025-07-14T13:56:20.294520Z,2025-07-14T13:56:20.777806Z
1f168c95-b063-4eed-ac2c-791fa8d6618f,ising,Advantage_system4.1,BIKAINTEK_EMBEDDING_ER_RQ1_2_0_25_3,COMPLETED,2025-07-14T13:56:18.820711Z,2025-07-14T13:56:19.343944Z
568d1f2d-936d-4e37-a621-e5247453c9fd,ising,Advantage_system4.1,BIKAINTEK_EMBEDDING_ER_RQ1_2_0_24_3,COMPLETED,2025-07-14T13:56:17.480928Z,2025-07-14T13:56:18.017654Z
0d07d967-6649-4b4d-8a3d-132ca75ecf93,ising,Advantage_system4.1,BIKAINTEK_EMBEDDING_ER_RQ1_2_0_23_3,COMPLETED,2025-07-14T13:56:15.955285Z,2025-07-14T13:56:16.453399Z
142d6079-6c96-4548-b02e-ec564f004bb8,ising,Advantage_system4.1,BIKAINTEK_EMBEDDING_ER_RQ1_2_0_22_3,COMPLETED,2025-07-14T13:56:14.519405Z,2025-07-14T13:56:15.002066Z
b0c11b85-54c6-4b57-aa5e-78b5f3a0e2d1,ising,Advantage_system4.1,BIKAINTEK_EMBEDDING_ER_RQ1_2_0_21_3,COMPLETED,2025-07-14T13:56:13.143537Z,2025-07-14T13:56:13.633955Z
d2f64ff8-8d35-4201-bf0f-78cf50aaca23,ising,Advantage_system4.1,BIKAINTEK_EMBEDDING_ER_RQ1_2_0_20_3,COMPLETED,2025-07-14T13:56:11.806946Z,2025-07-14T13:56:12.315410Z
857201a1-70f1-4302-8c99-372936af317b,ising,Advantage_system4.1,BIKAINTEK_EMBEDDING_ER_RQ1_2_0_19_3,COMPLETED,2025-07-14T13:56:10.385378Z,2025-07-14T13:56:10.874927Z
a44ee284-8f24-421e-89a1-6ee7255ad304,ising,Advantage_system4.1,BIKAINTEK_EMBEDDING_ER_RQ1_2_0_18_3,COMPLETED,2025-07-14T13:56:09.050032Z,2025-07-14T13:56:09.544774Z
8e54f821-5345-48a4-9b94-45d8715a8853,ising,Advantage_system4.1,BIKAINTEK_EMBEDDING_ER_RQ1_2_0_17_3,COMPLETED,2025-07-14T13:56:07.716313Z,2025-07-14T13:56:08.199876Z
5a68477a-350c-46da-8dd7-ac9501190312,ising,Advantage_system4.1,BIKAINTEK_EMBEDDING_ER_RQ1_2_0_16_3,COMPLETED,2025-07-14T13:56:06.212834Z,2025-07-14T13:56:06.746590Z
d3bc694f-0709-45f6-a27a-fdb297eee24d,ising,Advantage_system4.1,BIKAINTEK_EMBEDDING_ER_RQ1_2_0_15_3,COMPLETED,2025-07-14T13:56:04.878835Z,2025-07-14T13:56:05.387495Z
0c665c90-2369-481c-b531-2957a66558dc,ising,Advantage_system4.1,BIKAINTEK_EMBEDDING_ER_RQ1_2_0_14_3,COMPLETED,2025-07-14T13:56:03.590379Z,2025-07-14T13:56:04.090362Z
e5a75a80-52fb-42b8-8aab-1dde87e06776,ising,Advantage_system4.1,BIKAINTEK_EMBEDDING_ER_RQ1_2_0_13_3,COMPLETED,2025-07-14T13:56:01.952888Z,2025-07-14T13:56:02.490753Z
d9af6ba7-ec47-4d74-b86a-e340fd75efe8,ising,Advantage_system4.1,BIKAINTEK_EMBEDDING_ER_RQ1_2_0_12_3,COMPLETED,2025-07-14T13:56:00.560943Z,2025-07-14T13:56:01.127259Z
de8955a3-2101-4a84-9898-a49433af7f0e,ising,Advantage_system4.1,BIKAINTEK_EMBEDDING_ER_RQ1_2_0_11_3,COMPLETED,2025-07-14T13:55:58.871029Z,2025-07-14T13:55:59.396763Z
ffb06b49-b33d-4e84-bcf8-08982f839e31,ising,Advantage_system4.1,BIKAINTEK_EMBEDDING_ER_RQ1_2_0_10_3,COMPLETED,2025-07-14T13:55:57.363685Z,2025-07-14T13:55:57.851161Z
7ce64176-a27a-46e8-a693-0e54e37965f8,ising,Advantage_system4.1,BIKAINTEK_EMBEDDING_ER_RQ1_2_0_9_3,COMPLETED,2025-07-14T13:55:55.730256Z,2025-07-14T13:55:56.300839Z
4d26f2c3-51df-4ef5-ad88-384cf608108e,ising,Advantage_system4.1,BIKAINTEK_EMBEDDING_ER_RQ1_2_0_8_3,COMPLETED,2025-07-14T13:55:53.874321Z,2025-07-14T13:55:54.364561Z
dbccfd45-45a5-4588-afee-7c083b1144a9,ising,Advantage_system4.1,BIKAINTEK_EMBEDDING_ER_RQ1_2_0_7_3,COMPLETED,2025-07-14T13:55:52.061074Z,2025-07-14T13:55:52.631403Z
374726cb-31e2-4de7-9255-1d237ff4bcea,ising,Advantage_system4.1,BIKAINTEK_EMBEDDING_ER_RQ1_2_0_6_3,COMPLETED,2025-07-14T13:55:50.287238Z,2025-07-14T13:55:50.822432Z
298d8fa8-6a55-42b7-ae99-d90c48804901,ising,Advantage_system4.1,BIKAINTEK_EMBEDDING_ER_RQ1_2_0_5_3,COMPLETED,2025-07-14T13:55:48.339441Z,2025-07-14T13:55:48.928628Z
585e41dc-a124-4130-8904-0fcdf317f0a3,ising,Advantage_system4.1,BIKAINTEK_EMBEDDING_ER_RQ1_2_0_4_3,COMPLETED,2025-07-14T13:55:45.555360Z,2025-07-14T13:55:46.104133Z
51d9190f-d5b5-4dbd-8a24-fbc51e52361b,ising,Advantage_system4.1,BIKAINTEK_EMBEDDING_ER_RQ1_2_0_3_3,COMPLETED,2025-07-14T13:55:41.873644Z,2025-07-14T13:55:42.385367Z
16e57fa6-60fc-46a1-9817-1549652107b5,ising,Advantage_system4.1,BIKAINTEK_EMBEDDING_ER_RQ1_2_0_2_3,COMPLETED,2025-07-14T13:55:38.354991Z,2025-07-14T13:55:38.881635Z
8fbea584-476c-4bdd-adeb-89018b8bfbe7,ising,Advantage_system4.1,BIKAINTEK_EMBEDDING_ER_RQ1_2_0_1_3,COMPLETED,2025-07-14T13:55:34.754110Z,2025-07-14T13:55:35.309402Z
fda0ab1c-b354-468f-ac56-75f28b29d605,ising,Advantage_system4.1,BIKAINTEK_EMBEDDING_ER_RQ1_2_0_0_3,COMPLETED,2025-07-14T13:55:31.144242Z,2025-07-14T13:55:31.695831Z
